"PostSlug","PostStatus","PostType","Source","SourceUrl","RelativePath"
"10-cool-things-you-can-do-with-github-copilot-cli","publish","post","attachment-generated-size","https://daninacan.com/wp-content/uploads/2026/05/autopilotcli-150x61.jpg","by-post\published\10-cool-things-you-can-do-with-github-copilot-cli\2026\05\autopilotcli-150x61.jpg"
"10-cool-things-you-can-do-with-github-copilot-cli","publish","post","attachment-parent","https://daninacan.com/wp-content/uploads/2026/05/autopilotcli.jpg","by-post\published\10-cool-things-you-can-do-with-github-copilot-cli\2026\05\autopilotcli.jpg"
"10-cool-things-you-can-do-with-github-copilot-cli","publish","post","attachment-generated-size","https://daninacan.com/wp-content/uploads/2026/05/costtipssummary-150x150.jpg","by-post\published\10-cool-things-you-can-do-with-github-copilot-cli\2026\05\costtipssummary-150x150.jpg"
"10-cool-things-you-can-do-with-github-copilot-cli","publish","post","attachment-generated-size","https://daninacan.com/wp-content/uploads/2026/05/costtipssummary-300x109.jpg","by-post\published\10-cool-things-you-can-do-with-github-copilot-cli\2026\05\costtipssummary-300x109.jpg"
"10-cool-things-you-can-do-with-github-copilot-cli","publish","post","attachment-parent","https://daninacan.com/wp-content/uploads/2026/05/costtipssummary.jpg","by-post\published\10-cool-things-you-can-do-with-github-copilot-cli\2026\05\costtipssummary.jpg"
"10-cool-things-you-can-do-with-github-copilot-cli","publish","post","attachment-generated-size","https://daninacan.com/wp-content/uploads/2026/05/remoteqrcode-150x150.jpg","by-post\published\10-cool-things-you-can-do-with-github-copilot-cli\2026\05\remoteqrcode-150x150.jpg"
"10-cool-things-you-can-do-with-github-copilot-cli","publish","post","attachment-generated-size","https://daninacan.com/wp-content/uploads/2026/05/remoteqrcode-300x249.jpg","by-post\published\10-cool-things-you-can-do-with-github-copilot-cli\2026\05\remoteqrcode-300x249.jpg"
"10-cool-things-you-can-do-with-github-copilot-cli","publish","post","attachment-parent","https://daninacan.com/wp-content/uploads/2026/05/remoteqrcode.jpg","by-post\published\10-cool-things-you-can-do-with-github-copilot-cli\2026\05\remoteqrcode.jpg"
"10-cool-things-you-can-do-with-github-copilot-cli","publish","post","attachment-generated-size","https://daninacan.com/wp-content/uploads/2026/05/rubberduck-agent-150x150.jpg","by-post\published\10-cool-things-you-can-do-with-github-copilot-cli\2026\05\rubberduck-agent-150x150.jpg"
"10-cool-things-you-can-do-with-github-copilot-cli","publish","post","attachment-generated-size","https://daninacan.com/wp-content/uploads/2026/05/rubberduck-agent-300x53.jpg","by-post\published\10-cool-things-you-can-do-with-github-copilot-cli\2026\05\rubberduck-agent-300x53.jpg"
"10-cool-things-you-can-do-with-github-copilot-cli","publish","post","attachment-generated-size","https://daninacan.com/wp-content/uploads/2026/05/rubberduck-agent-768x136.jpg","by-post\published\10-cool-things-you-can-do-with-github-copilot-cli\2026\05\rubberduck-agent-768x136.jpg"
"10-cool-things-you-can-do-with-github-copilot-cli","publish","post","attachment-parent","https://daninacan.com/wp-content/uploads/2026/05/rubberduck-agent.jpg","by-post\published\10-cool-things-you-can-do-with-github-copilot-cli\2026\05\rubberduck-agent.jpg"
"10-cool-things-you-can-do-with-github-copilot-cli","publish","post","attachment-generated-size","https://daninacan.com/wp-content/uploads/2026/05/session-html-1024x499.jpg","by-post\published\10-cool-things-you-can-do-with-github-copilot-cli\2026\05\session-html-1024x499.jpg"
"10-cool-things-you-can-do-with-github-copilot-cli","publish","post","attachment-generated-size","https://daninacan.com/wp-content/uploads/2026/05/session-html-150x150.jpg","by-post\published\10-cool-things-you-can-do-with-github-copilot-cli\2026\05\session-html-150x150.jpg"
"10-cool-things-you-can-do-with-github-copilot-cli","publish","post","attachment-generated-size","https://daninacan.com/wp-content/uploads/2026/05/session-html-300x146.jpg","by-post\published\10-cool-things-you-can-do-with-github-copilot-cli\2026\05\session-html-300x146.jpg"
"10-cool-things-you-can-do-with-github-copilot-cli","publish","post","attachment-generated-size","https://daninacan.com/wp-content/uploads/2026/05/session-html-768x375.jpg","by-post\published\10-cool-things-you-can-do-with-github-copilot-cli\2026\05\session-html-768x375.jpg"
"10-cool-things-you-can-do-with-github-copilot-cli","publish","post","attachment-parent","https://daninacan.com/wp-content/uploads/2026/05/session-html.jpg","by-post\published\10-cool-things-you-can-do-with-github-copilot-cli\2026\05\session-html.jpg"
"10-cool-things-you-can-do-with-github-copilot-cli","publish","post","attachment-generated-size","https://daninacan.com/wp-content/uploads/2026/05/sidequestion-150x150.jpg","by-post\published\10-cool-things-you-can-do-with-github-copilot-cli\2026\05\sidequestion-150x150.jpg"
"10-cool-things-you-can-do-with-github-copilot-cli","publish","post","attachment-generated-size","https://daninacan.com/wp-content/uploads/2026/05/sidequestion-300x110.jpg","by-post\published\10-cool-things-you-can-do-with-github-copilot-cli\2026\05\sidequestion-300x110.jpg"
"10-cool-things-you-can-do-with-github-copilot-cli","publish","post","attachment-parent","https://daninacan.com/wp-content/uploads/2026/05/sidequestion.jpg","by-post\published\10-cool-things-you-can-do-with-github-copilot-cli\2026\05\sidequestion.jpg"
"10-cool-things-you-can-do-with-github-copilot-cli","publish","post","attachment-generated-size","https://daninacan.com/wp-content/uploads/2026/05/statusline-150x137.jpg","by-post\published\10-cool-things-you-can-do-with-github-copilot-cli\2026\05\statusline-150x137.jpg"
"10-cool-things-you-can-do-with-github-copilot-cli","publish","post","attachment-generated-size","https://daninacan.com/wp-content/uploads/2026/05/statusline-300x44.jpg","by-post\published\10-cool-things-you-can-do-with-github-copilot-cli\2026\05\statusline-300x44.jpg"
"10-cool-things-you-can-do-with-github-copilot-cli","publish","post","attachment-generated-size","https://daninacan.com/wp-content/uploads/2026/05/statusline-768x114.jpg","by-post\published\10-cool-things-you-can-do-with-github-copilot-cli\2026\05\statusline-768x114.jpg"
"10-cool-things-you-can-do-with-github-copilot-cli","publish","post","attachment-parent","https://daninacan.com/wp-content/uploads/2026/05/statusline.jpg","by-post\published\10-cool-things-you-can-do-with-github-copilot-cli\2026\05\statusline.jpg"
"an-interview-with-mads-kristensen-visual-studio-2026","publish","post","attachment-generated-size","https://daninacan.com/wp-content/uploads/2025/09/mads-150x150.jpg","by-post\published\an-interview-with-mads-kristensen-visual-studio-2026\2025\09\mads-150x150.jpg"
"an-interview-with-mads-kristensen-visual-studio-2026","publish","post","attachment-generated-size","https://daninacan.com/wp-content/uploads/2025/09/mads-300x300.jpg","by-post\published\an-interview-with-mads-kristensen-visual-studio-2026\2025\09\mads-300x300.jpg"
"an-interview-with-mads-kristensen-visual-studio-2026","publish","post","attachment-generated-size","https://daninacan.com/wp-content/uploads/2025/09/mads-768x768.jpg","by-post\published\an-interview-with-mads-kristensen-visual-studio-2026\2025\09\mads-768x768.jpg"
"an-interview-with-mads-kristensen-visual-studio-2026","publish","post","attachment-parent","https://daninacan.com/wp-content/uploads/2025/09/mads.jpg","by-post\published\an-interview-with-mads-kristensen-visual-studio-2026\2025\09\mads.jpg"
"an-interview-with-mads-kristensen-visual-studio-2026","publish","post","attachment-generated-size","https://daninacan.com/wp-content/uploads/2025/09/whatsnewvs2026-1024x561.jpg","by-post\published\an-interview-with-mads-kristensen-visual-studio-2026\2025\09\whatsnewvs2026-1024x561.jpg"
"an-interview-with-mads-kristensen-visual-studio-2026","publish","post","attachment-generated-size","https://daninacan.com/wp-content/uploads/2025/09/whatsnewvs2026-150x150.jpg","by-post\published\an-interview-with-mads-kristensen-visual-studio-2026\2025\09\whatsnewvs2026-150x150.jpg"
"an-interview-with-mads-kristensen-visual-studio-2026","publish","post","attachment-generated-size","https://daninacan.com/wp-content/uploads/2025/09/whatsnewvs2026-1536x841.jpg","by-post\published\an-interview-with-mads-kristensen-visual-studio-2026\2025\09\whatsnewvs2026-1536x841.jpg"
"an-interview-with-mads-kristensen-visual-studio-2026","publish","post","attachment-generated-size","https://daninacan.com/wp-content/uploads/2025/09/whatsnewvs2026-300x164.jpg","by-post\published\an-interview-with-mads-kristensen-visual-studio-2026\2025\09\whatsnewvs2026-300x164.jpg"
"an-interview-with-mads-kristensen-visual-studio-2026","publish","post","attachment-generated-size","https://daninacan.com/wp-content/uploads/2025/09/whatsnewvs2026-768x421.jpg","by-post\published\an-interview-with-mads-kristensen-visual-studio-2026\2025\09\whatsnewvs2026-768x421.jpg"
"an-interview-with-mads-kristensen-visual-studio-2026","publish","post","attachment-parent","https://daninacan.com/wp-content/uploads/2025/09/whatsnewvs2026.jpg","by-post\published\an-interview-with-mads-kristensen-visual-studio-2026\2025\09\whatsnewvs2026.jpg"
"azure-cognitive-search-overview-kansas-city-microsoft-azure-meetup","publish","post","attachment-generated-size","https://daninacan.com/wp-content/uploads/2023/11/Azure-Cognitive-Search-pdf-1024x576.jpg","by-post\published\azure-cognitive-search-overview-kansas-city-microsoft-azure-meetup\2023\11\Azure-Cognitive-Search-pdf-1024x576.jpg"
"azure-cognitive-search-overview-kansas-city-microsoft-azure-meetup","publish","post","attachment-generated-size","https://daninacan.com/wp-content/uploads/2023/11/Azure-Cognitive-Search-pdf-150x84.jpg","by-post\published\azure-cognitive-search-overview-kansas-city-microsoft-azure-meetup\2023\11\Azure-Cognitive-Search-pdf-150x84.jpg"
"azure-cognitive-search-overview-kansas-city-microsoft-azure-meetup","publish","post","attachment-generated-size","https://daninacan.com/wp-content/uploads/2023/11/Azure-Cognitive-Search-pdf-300x169.jpg","by-post\published\azure-cognitive-search-overview-kansas-city-microsoft-azure-meetup\2023\11\Azure-Cognitive-Search-pdf-300x169.jpg"
"azure-cognitive-search-overview-kansas-city-microsoft-azure-meetup","publish","post","attachment-generated-size","https://daninacan.com/wp-content/uploads/2023/11/Azure-Cognitive-Search-pdf.jpg","by-post\published\azure-cognitive-search-overview-kansas-city-microsoft-azure-meetup\2023\11\Azure-Cognitive-Search-pdf.jpg"
"azure-cognitive-search-overview-kansas-city-microsoft-azure-meetup","publish","post","attachment-parent","https://daninacan.com/wp-content/uploads/2023/11/Azure-Cognitive-Search.pdf","by-post\published\azure-cognitive-search-overview-kansas-city-microsoft-azure-meetup\2023\11\Azure-Cognitive-Search.pdf"
"devops-days-indianapolis-2023-hearing-and-being-heard-getting-the-entire-team-to-speak","publish","post","attachment-generated-size","https://daninacan.com/wp-content/uploads/2023/10/Daniel-Ward-Hearing-and-Being-Heard-pdf-1024x576.jpg","by-post\published\devops-days-indianapolis-2023-hearing-and-being-heard-getting-the-entire-team-to-speak\2023\10\Daniel-Ward-Hearing-and-Being-Heard-pdf-1024x576.jpg"
"devops-days-indianapolis-2023-hearing-and-being-heard-getting-the-entire-team-to-speak","publish","post","attachment-generated-size","https://daninacan.com/wp-content/uploads/2023/10/Daniel-Ward-Hearing-and-Being-Heard-pdf-150x84.jpg","by-post\published\devops-days-indianapolis-2023-hearing-and-being-heard-getting-the-entire-team-to-speak\2023\10\Daniel-Ward-Hearing-and-Being-Heard-pdf-150x84.jpg"
"devops-days-indianapolis-2023-hearing-and-being-heard-getting-the-entire-team-to-speak","publish","post","attachment-generated-size","https://daninacan.com/wp-content/uploads/2023/10/Daniel-Ward-Hearing-and-Being-Heard-pdf-300x169.jpg","by-post\published\devops-days-indianapolis-2023-hearing-and-being-heard-getting-the-entire-team-to-speak\2023\10\Daniel-Ward-Hearing-and-Being-Heard-pdf-300x169.jpg"
"devops-days-indianapolis-2023-hearing-and-being-heard-getting-the-entire-team-to-speak","publish","post","attachment-generated-size","https://daninacan.com/wp-content/uploads/2023/10/Daniel-Ward-Hearing-and-Being-Heard-pdf.jpg","by-post\published\devops-days-indianapolis-2023-hearing-and-being-heard-getting-the-entire-team-to-speak\2023\10\Daniel-Ward-Hearing-and-Being-Heard-pdf.jpg"
"devops-days-indianapolis-2023-hearing-and-being-heard-getting-the-entire-team-to-speak","publish","post","attachment-parent","https://daninacan.com/wp-content/uploads/2023/10/Daniel-Ward-Hearing-and-Being-Heard.pdf","by-post\published\devops-days-indianapolis-2023-hearing-and-being-heard-getting-the-entire-team-to-speak\2023\10\Daniel-Ward-Hearing-and-Being-Heard.pdf"
"devopsdays-austin-2024-ai-improv-copilot-seatbelts-and-you","publish","post","attachment-generated-size","https://daninacan.com/wp-content/uploads/2024/05/Day1-1-Daniel-Ward-AI-Improv-Ignite-1-pdf-1024x576.jpg","by-post\published\devopsdays-austin-2024-ai-improv-copilot-seatbelts-and-you\2024\05\Day1-1-Daniel-Ward-AI-Improv-Ignite-1-pdf-1024x576.jpg"
"devopsdays-austin-2024-ai-improv-copilot-seatbelts-and-you","publish","post","attachment-generated-size","https://daninacan.com/wp-content/uploads/2024/05/Day1-1-Daniel-Ward-AI-Improv-Ignite-1-pdf-150x84.jpg","by-post\published\devopsdays-austin-2024-ai-improv-copilot-seatbelts-and-you\2024\05\Day1-1-Daniel-Ward-AI-Improv-Ignite-1-pdf-150x84.jpg"
"devopsdays-austin-2024-ai-improv-copilot-seatbelts-and-you","publish","post","attachment-generated-size","https://daninacan.com/wp-content/uploads/2024/05/Day1-1-Daniel-Ward-AI-Improv-Ignite-1-pdf-300x169.jpg","by-post\published\devopsdays-austin-2024-ai-improv-copilot-seatbelts-and-you\2024\05\Day1-1-Daniel-Ward-AI-Improv-Ignite-1-pdf-300x169.jpg"
"devopsdays-austin-2024-ai-improv-copilot-seatbelts-and-you","publish","post","attachment-generated-size","https://daninacan.com/wp-content/uploads/2024/05/Day1-1-Daniel-Ward-AI-Improv-Ignite-1-pdf.jpg","by-post\published\devopsdays-austin-2024-ai-improv-copilot-seatbelts-and-you\2024\05\Day1-1-Daniel-Ward-AI-Improv-Ignite-1-pdf.jpg"
"devopsdays-austin-2024-ai-improv-copilot-seatbelts-and-you","publish","post","attachment-parent","https://daninacan.com/wp-content/uploads/2024/05/Day1-1-Daniel-Ward-AI-Improv-Ignite-1.pdf","by-post\published\devopsdays-austin-2024-ai-improv-copilot-seatbelts-and-you\2024\05\Day1-1-Daniel-Ward-AI-Improv-Ignite-1.pdf"
"devopsdays-austin-2025-hearing-and-being-heard-getting-the-entire-team-to-speak","publish","post","attachment-generated-size","https://daninacan.com/wp-content/uploads/2025/05/Hearing-Being-Heard-DoD-Austin-pdf-1024x576.jpg","by-post\published\devopsdays-austin-2025-hearing-and-being-heard-getting-the-entire-team-to-speak\2025\05\Hearing-Being-Heard-DoD-Austin-pdf-1024x576.jpg"
"devopsdays-austin-2025-hearing-and-being-heard-getting-the-entire-team-to-speak","publish","post","attachment-generated-size","https://daninacan.com/wp-content/uploads/2025/05/Hearing-Being-Heard-DoD-Austin-pdf-150x84.jpg","by-post\published\devopsdays-austin-2025-hearing-and-being-heard-getting-the-entire-team-to-speak\2025\05\Hearing-Being-Heard-DoD-Austin-pdf-150x84.jpg"
"devopsdays-austin-2025-hearing-and-being-heard-getting-the-entire-team-to-speak","publish","post","attachment-generated-size","https://daninacan.com/wp-content/uploads/2025/05/Hearing-Being-Heard-DoD-Austin-pdf-300x169.jpg","by-post\published\devopsdays-austin-2025-hearing-and-being-heard-getting-the-entire-team-to-speak\2025\05\Hearing-Being-Heard-DoD-Austin-pdf-300x169.jpg"
"devopsdays-austin-2025-hearing-and-being-heard-getting-the-entire-team-to-speak","publish","post","attachment-generated-size","https://daninacan.com/wp-content/uploads/2025/05/Hearing-Being-Heard-DoD-Austin-pdf.jpg","by-post\published\devopsdays-austin-2025-hearing-and-being-heard-getting-the-entire-team-to-speak\2025\05\Hearing-Being-Heard-DoD-Austin-pdf.jpg"
"devopsdays-austin-2025-hearing-and-being-heard-getting-the-entire-team-to-speak","publish","post","attachment-parent","https://daninacan.com/wp-content/uploads/2025/05/Hearing-Being-Heard-DoD-Austin.pdf","by-post\published\devopsdays-austin-2025-hearing-and-being-heard-getting-the-entire-team-to-speak\2025\05\Hearing-Being-Heard-DoD-Austin.pdf"
"devopsdays-austin-2026-how-to-get-started-with-automated-testing-in-the-age-of-ai","publish","post","attachment-generated-size","https://daninacan.com/wp-content/uploads/2026/05/How-to-Get-Started-With-Automated-Testing-In-the-Age-of-AI-pdf-1024x576.jpg","by-post\published\devopsdays-austin-2026-how-to-get-started-with-automated-testing-in-the-age-of-ai\2026\05\How-to-Get-Started-With-Automated-Testing-In-the-Age-of-AI-pdf-1024x576.jpg"
"devopsdays-austin-2026-how-to-get-started-with-automated-testing-in-the-age-of-ai","publish","post","attachment-generated-size","https://daninacan.com/wp-content/uploads/2026/05/How-to-Get-Started-With-Automated-Testing-In-the-Age-of-AI-pdf-150x84.jpg","by-post\published\devopsdays-austin-2026-how-to-get-started-with-automated-testing-in-the-age-of-ai\2026\05\How-to-Get-Started-With-Automated-Testing-In-the-Age-of-AI-pdf-150x84.jpg"
"devopsdays-austin-2026-how-to-get-started-with-automated-testing-in-the-age-of-ai","publish","post","attachment-generated-size","https://daninacan.com/wp-content/uploads/2026/05/How-to-Get-Started-With-Automated-Testing-In-the-Age-of-AI-pdf-300x169.jpg","by-post\published\devopsdays-austin-2026-how-to-get-started-with-automated-testing-in-the-age-of-ai\2026\05\How-to-Get-Started-With-Automated-Testing-In-the-Age-of-AI-pdf-300x169.jpg"
"devopsdays-austin-2026-how-to-get-started-with-automated-testing-in-the-age-of-ai","publish","post","attachment-generated-size","https://daninacan.com/wp-content/uploads/2026/05/How-to-Get-Started-With-Automated-Testing-In-the-Age-of-AI-pdf.jpg","by-post\published\devopsdays-austin-2026-how-to-get-started-with-automated-testing-in-the-age-of-ai\2026\05\How-to-Get-Started-With-Automated-Testing-In-the-Age-of-AI-pdf.jpg"
"devopsdays-austin-2026-how-to-get-started-with-automated-testing-in-the-age-of-ai","publish","post","attachment-parent","https://daninacan.com/wp-content/uploads/2026/05/How-to-Get-Started-With-Automated-Testing-In-the-Age-of-AI.pdf","by-post\published\devopsdays-austin-2026-how-to-get-started-with-automated-testing-in-the-age-of-ai\2026\05\How-to-Get-Started-With-Automated-Testing-In-the-Age-of-AI.pdf"
"devsa-no-more-sqlite-how-to-write-tests-with-ef-core-using-testcontainers","publish","post","attachment-generated-size","https://daninacan.com/wp-content/uploads/2024/09/Testcontainers-Talk-pdf-1024x576.jpg","by-post\published\devsa-no-more-sqlite-how-to-write-tests-with-ef-core-using-testcontainers\2024\09\Testcontainers-Talk-pdf-1024x576.jpg"
"devsa-no-more-sqlite-how-to-write-tests-with-ef-core-using-testcontainers","publish","post","attachment-generated-size","https://daninacan.com/wp-content/uploads/2024/09/Testcontainers-Talk-pdf-150x84.jpg","by-post\published\devsa-no-more-sqlite-how-to-write-tests-with-ef-core-using-testcontainers\2024\09\Testcontainers-Talk-pdf-150x84.jpg"
"devsa-no-more-sqlite-how-to-write-tests-with-ef-core-using-testcontainers","publish","post","attachment-generated-size","https://daninacan.com/wp-content/uploads/2024/09/Testcontainers-Talk-pdf-300x169.jpg","by-post\published\devsa-no-more-sqlite-how-to-write-tests-with-ef-core-using-testcontainers\2024\09\Testcontainers-Talk-pdf-300x169.jpg"
"devsa-no-more-sqlite-how-to-write-tests-with-ef-core-using-testcontainers","publish","post","attachment-generated-size","https://daninacan.com/wp-content/uploads/2024/09/Testcontainers-Talk-pdf.jpg","by-post\published\devsa-no-more-sqlite-how-to-write-tests-with-ef-core-using-testcontainers\2024\09\Testcontainers-Talk-pdf.jpg"
"devsa-no-more-sqlite-how-to-write-tests-with-ef-core-using-testcontainers","publish","post","attachment-parent","https://daninacan.com/wp-content/uploads/2024/09/Testcontainers-Talk.pdf","by-post\published\devsa-no-more-sqlite-how-to-write-tests-with-ef-core-using-testcontainers\2024\09\Testcontainers-Talk.pdf"
"geeks-and-drinks-zero-to-hero-with-github-copilot","publish","post","attachment-generated-size","https://daninacan.com/wp-content/uploads/2026/04/Zero-to-Hero-with-GitHub-Copilot-pdf-1024x576.jpg","by-post\published\geeks-and-drinks-zero-to-hero-with-github-copilot\2026\04\Zero-to-Hero-with-GitHub-Copilot-pdf-1024x576.jpg"
"geeks-and-drinks-zero-to-hero-with-github-copilot","publish","post","attachment-generated-size","https://daninacan.com/wp-content/uploads/2026/04/Zero-to-Hero-with-GitHub-Copilot-pdf-150x84.jpg","by-post\published\geeks-and-drinks-zero-to-hero-with-github-copilot\2026\04\Zero-to-Hero-with-GitHub-Copilot-pdf-150x84.jpg"
"geeks-and-drinks-zero-to-hero-with-github-copilot","publish","post","attachment-generated-size","https://daninacan.com/wp-content/uploads/2026/04/Zero-to-Hero-with-GitHub-Copilot-pdf-300x169.jpg","by-post\published\geeks-and-drinks-zero-to-hero-with-github-copilot\2026\04\Zero-to-Hero-with-GitHub-Copilot-pdf-300x169.jpg"
"geeks-and-drinks-zero-to-hero-with-github-copilot","publish","post","attachment-generated-size","https://daninacan.com/wp-content/uploads/2026/04/Zero-to-Hero-with-GitHub-Copilot-pdf.jpg","by-post\published\geeks-and-drinks-zero-to-hero-with-github-copilot\2026\04\Zero-to-Hero-with-GitHub-Copilot-pdf.jpg"
"geeks-and-drinks-zero-to-hero-with-github-copilot","publish","post","attachment-parent","https://daninacan.com/wp-content/uploads/2026/04/Zero-to-Hero-with-GitHub-Copilot.pdf","by-post\published\geeks-and-drinks-zero-to-hero-with-github-copilot\2026\04\Zero-to-Hero-with-GitHub-Copilot.pdf"
"how-and-why-to-write-mutation-tests-in-c","publish","post","attachment-generated-size","https://daninacan.com/wp-content/uploads/2024/12/calc_report_2-1024x541.jpg","by-post\published\how-and-why-to-write-mutation-tests-in-c\2024\12\calc_report_2-1024x541.jpg"
"how-and-why-to-write-mutation-tests-in-c","publish","post","attachment-generated-size","https://daninacan.com/wp-content/uploads/2024/12/calc_report_2-150x150.jpg","by-post\published\how-and-why-to-write-mutation-tests-in-c\2024\12\calc_report_2-150x150.jpg"
"how-and-why-to-write-mutation-tests-in-c","publish","post","attachment-generated-size","https://daninacan.com/wp-content/uploads/2024/12/calc_report_2-1536x812.jpg","by-post\published\how-and-why-to-write-mutation-tests-in-c\2024\12\calc_report_2-1536x812.jpg"
"how-and-why-to-write-mutation-tests-in-c","publish","post","attachment-generated-size","https://daninacan.com/wp-content/uploads/2024/12/calc_report_2-300x159.jpg","by-post\published\how-and-why-to-write-mutation-tests-in-c\2024\12\calc_report_2-300x159.jpg"
"how-and-why-to-write-mutation-tests-in-c","publish","post","attachment-generated-size","https://daninacan.com/wp-content/uploads/2024/12/calc_report_2-768x406.jpg","by-post\published\how-and-why-to-write-mutation-tests-in-c\2024\12\calc_report_2-768x406.jpg"
"how-and-why-to-write-mutation-tests-in-c","publish","post","attachment-parent","https://daninacan.com/wp-content/uploads/2024/12/calc_report_2.jpg","by-post\published\how-and-why-to-write-mutation-tests-in-c\2024\12\calc_report_2.jpg"
"how-and-why-to-write-mutation-tests-in-c","publish","post","attachment-generated-size","https://daninacan.com/wp-content/uploads/2024/12/calc_report_3_new-1024x596.jpg","by-post\published\how-and-why-to-write-mutation-tests-in-c\2024\12\calc_report_3_new-1024x596.jpg"
"how-and-why-to-write-mutation-tests-in-c","publish","post","attachment-generated-size","https://daninacan.com/wp-content/uploads/2024/12/calc_report_3_new-150x150.jpg","by-post\published\how-and-why-to-write-mutation-tests-in-c\2024\12\calc_report_3_new-150x150.jpg"
"how-and-why-to-write-mutation-tests-in-c","publish","post","attachment-generated-size","https://daninacan.com/wp-content/uploads/2024/12/calc_report_3_new-1536x894.jpg","by-post\published\how-and-why-to-write-mutation-tests-in-c\2024\12\calc_report_3_new-1536x894.jpg"
"how-and-why-to-write-mutation-tests-in-c","publish","post","attachment-generated-size","https://daninacan.com/wp-content/uploads/2024/12/calc_report_3_new-300x175.jpg","by-post\published\how-and-why-to-write-mutation-tests-in-c\2024\12\calc_report_3_new-300x175.jpg"
"how-and-why-to-write-mutation-tests-in-c","publish","post","attachment-generated-size","https://daninacan.com/wp-content/uploads/2024/12/calc_report_3_new-768x447.jpg","by-post\published\how-and-why-to-write-mutation-tests-in-c\2024\12\calc_report_3_new-768x447.jpg"
"how-and-why-to-write-mutation-tests-in-c","publish","post","attachment-parent","https://daninacan.com/wp-content/uploads/2024/12/calc_report_3_new.jpg","by-post\published\how-and-why-to-write-mutation-tests-in-c\2024\12\calc_report_3_new.jpg"
"how-and-why-to-write-mutation-tests-in-c","publish","post","attachment-generated-size","https://daninacan.com/wp-content/uploads/2024/12/calc_report_4_new-150x150.jpg","by-post\published\how-and-why-to-write-mutation-tests-in-c\2024\12\calc_report_4_new-150x150.jpg"
"how-and-why-to-write-mutation-tests-in-c","publish","post","attachment-generated-size","https://daninacan.com/wp-content/uploads/2024/12/calc_report_4_new-300x119.jpg","by-post\published\how-and-why-to-write-mutation-tests-in-c\2024\12\calc_report_4_new-300x119.jpg"
"how-and-why-to-write-mutation-tests-in-c","publish","post","attachment-parent","https://daninacan.com/wp-content/uploads/2024/12/calc_report_4_new.jpg","by-post\published\how-and-why-to-write-mutation-tests-in-c\2024\12\calc_report_4_new.jpg"
"how-and-why-to-write-mutation-tests-in-c","publish","post","attachment-generated-size","https://daninacan.com/wp-content/uploads/2024/12/calc_report_5_new-150x150.jpg","by-post\published\how-and-why-to-write-mutation-tests-in-c\2024\12\calc_report_5_new-150x150.jpg"
"how-and-why-to-write-mutation-tests-in-c","publish","post","attachment-generated-size","https://daninacan.com/wp-content/uploads/2024/12/calc_report_5_new-300x137.jpg","by-post\published\how-and-why-to-write-mutation-tests-in-c\2024\12\calc_report_5_new-300x137.jpg"
"how-and-why-to-write-mutation-tests-in-c","publish","post","attachment-generated-size","https://daninacan.com/wp-content/uploads/2024/12/calc_report_5_new-768x351.jpg","by-post\published\how-and-why-to-write-mutation-tests-in-c\2024\12\calc_report_5_new-768x351.jpg"
"how-and-why-to-write-mutation-tests-in-c","publish","post","attachment-parent","https://daninacan.com/wp-content/uploads/2024/12/calc_report_5_new.jpg","by-post\published\how-and-why-to-write-mutation-tests-in-c\2024\12\calc_report_5_new.jpg"
"how-and-why-to-write-mutation-tests-in-c","publish","post","attachment-generated-size","https://daninacan.com/wp-content/uploads/2024/12/calc_report_new-1024x528.jpg","by-post\published\how-and-why-to-write-mutation-tests-in-c\2024\12\calc_report_new-1024x528.jpg"
"how-and-why-to-write-mutation-tests-in-c","publish","post","attachment-generated-size","https://daninacan.com/wp-content/uploads/2024/12/calc_report_new-150x150.jpg","by-post\published\how-and-why-to-write-mutation-tests-in-c\2024\12\calc_report_new-150x150.jpg"
"how-and-why-to-write-mutation-tests-in-c","publish","post","attachment-generated-size","https://daninacan.com/wp-content/uploads/2024/12/calc_report_new-1536x793.jpg","by-post\published\how-and-why-to-write-mutation-tests-in-c\2024\12\calc_report_new-1536x793.jpg"
"how-and-why-to-write-mutation-tests-in-c","publish","post","attachment-generated-size","https://daninacan.com/wp-content/uploads/2024/12/calc_report_new-300x155.jpg","by-post\published\how-and-why-to-write-mutation-tests-in-c\2024\12\calc_report_new-300x155.jpg"
"how-and-why-to-write-mutation-tests-in-c","publish","post","attachment-generated-size","https://daninacan.com/wp-content/uploads/2024/12/calc_report_new-768x396.jpg","by-post\published\how-and-why-to-write-mutation-tests-in-c\2024\12\calc_report_new-768x396.jpg"
"how-and-why-to-write-mutation-tests-in-c","publish","post","attachment-parent","https://daninacan.com/wp-content/uploads/2024/12/calc_report_new.jpg","by-post\published\how-and-why-to-write-mutation-tests-in-c\2024\12\calc_report_new.jpg"
"how-and-why-to-write-mutation-tests-in-c","publish","post","attachment-generated-size","https://daninacan.com/wp-content/uploads/2024/12/calc_report-1024x528.jpg","by-post\published\how-and-why-to-write-mutation-tests-in-c\2024\12\calc_report-1024x528.jpg"
"how-and-why-to-write-mutation-tests-in-c","publish","post","attachment-generated-size","https://daninacan.com/wp-content/uploads/2024/12/calc_report-150x150.jpg","by-post\published\how-and-why-to-write-mutation-tests-in-c\2024\12\calc_report-150x150.jpg"
"how-and-why-to-write-mutation-tests-in-c","publish","post","attachment-generated-size","https://daninacan.com/wp-content/uploads/2024/12/calc_report-1536x793.jpg","by-post\published\how-and-why-to-write-mutation-tests-in-c\2024\12\calc_report-1536x793.jpg"
"how-and-why-to-write-mutation-tests-in-c","publish","post","attachment-generated-size","https://daninacan.com/wp-content/uploads/2024/12/calc_report-300x155.jpg","by-post\published\how-and-why-to-write-mutation-tests-in-c\2024\12\calc_report-300x155.jpg"
"how-and-why-to-write-mutation-tests-in-c","publish","post","attachment-generated-size","https://daninacan.com/wp-content/uploads/2024/12/calc_report-768x396.jpg","by-post\published\how-and-why-to-write-mutation-tests-in-c\2024\12\calc_report-768x396.jpg"
"how-and-why-to-write-mutation-tests-in-c","publish","post","attachment-parent","https://daninacan.com/wp-content/uploads/2024/12/calc_report.jpg","by-post\published\how-and-why-to-write-mutation-tests-in-c\2024\12\calc_report.jpg"
"how-and-why-to-write-mutation-tests-in-c","publish","post","attachment-generated-size","https://daninacan.com/wp-content/uploads/2024/12/finished_report-1024x292.jpg","by-post\published\how-and-why-to-write-mutation-tests-in-c\2024\12\finished_report-1024x292.jpg"
"how-and-why-to-write-mutation-tests-in-c","publish","post","attachment-generated-size","https://daninacan.com/wp-content/uploads/2024/12/finished_report-150x150.jpg","by-post\published\how-and-why-to-write-mutation-tests-in-c\2024\12\finished_report-150x150.jpg"
"how-and-why-to-write-mutation-tests-in-c","publish","post","attachment-generated-size","https://daninacan.com/wp-content/uploads/2024/12/finished_report-1536x438.jpg","by-post\published\how-and-why-to-write-mutation-tests-in-c\2024\12\finished_report-1536x438.jpg"
"how-and-why-to-write-mutation-tests-in-c","publish","post","attachment-generated-size","https://daninacan.com/wp-content/uploads/2024/12/finished_report-300x86.jpg","by-post\published\how-and-why-to-write-mutation-tests-in-c\2024\12\finished_report-300x86.jpg"
"how-and-why-to-write-mutation-tests-in-c","publish","post","attachment-generated-size","https://daninacan.com/wp-content/uploads/2024/12/finished_report-768x219.jpg","by-post\published\how-and-why-to-write-mutation-tests-in-c\2024\12\finished_report-768x219.jpg"
"how-and-why-to-write-mutation-tests-in-c","publish","post","attachment-parent","https://daninacan.com/wp-content/uploads/2024/12/finished_report.jpg","by-post\published\how-and-why-to-write-mutation-tests-in-c\2024\12\finished_report.jpg"
"how-and-why-to-write-mutation-tests-in-c","publish","post","attachment-generated-size","https://daninacan.com/wp-content/uploads/2024/12/santa-1024x731.jpg","by-post\published\how-and-why-to-write-mutation-tests-in-c\2024\12\santa-1024x731.jpg"
"how-and-why-to-write-mutation-tests-in-c","publish","post","attachment-generated-size","https://daninacan.com/wp-content/uploads/2024/12/santa-150x150.jpg","by-post\published\how-and-why-to-write-mutation-tests-in-c\2024\12\santa-150x150.jpg"
"how-and-why-to-write-mutation-tests-in-c","publish","post","attachment-generated-size","https://daninacan.com/wp-content/uploads/2024/12/santa-1536x1097.jpg","by-post\published\how-and-why-to-write-mutation-tests-in-c\2024\12\santa-1536x1097.jpg"
"how-and-why-to-write-mutation-tests-in-c","publish","post","attachment-generated-size","https://daninacan.com/wp-content/uploads/2024/12/santa-300x214.jpg","by-post\published\how-and-why-to-write-mutation-tests-in-c\2024\12\santa-300x214.jpg"
"how-and-why-to-write-mutation-tests-in-c","publish","post","attachment-generated-size","https://daninacan.com/wp-content/uploads/2024/12/santa-768x549.jpg","by-post\published\how-and-why-to-write-mutation-tests-in-c\2024\12\santa-768x549.jpg"
"how-and-why-to-write-mutation-tests-in-c","publish","post","attachment-parent","https://daninacan.com/wp-content/uploads/2024/12/santa.jpg","by-post\published\how-and-why-to-write-mutation-tests-in-c\2024\12\santa.jpg"
"how-and-why-to-write-mutation-tests-in-c","publish","post","attachment-generated-size","https://daninacan.com/wp-content/uploads/2024/12/stryker_cli_results_new-150x150.jpg","by-post\published\how-and-why-to-write-mutation-tests-in-c\2024\12\stryker_cli_results_new-150x150.jpg"
"how-and-why-to-write-mutation-tests-in-c","publish","post","attachment-generated-size","https://daninacan.com/wp-content/uploads/2024/12/stryker_cli_results_new-300x111.jpg","by-post\published\how-and-why-to-write-mutation-tests-in-c\2024\12\stryker_cli_results_new-300x111.jpg"
"how-and-why-to-write-mutation-tests-in-c","publish","post","attachment-generated-size","https://daninacan.com/wp-content/uploads/2024/12/stryker_cli_results_new-768x284.jpg","by-post\published\how-and-why-to-write-mutation-tests-in-c\2024\12\stryker_cli_results_new-768x284.jpg"
"how-and-why-to-write-mutation-tests-in-c","publish","post","attachment-parent","https://daninacan.com/wp-content/uploads/2024/12/stryker_cli_results_new.jpg","by-post\published\how-and-why-to-write-mutation-tests-in-c\2024\12\stryker_cli_results_new.jpg"
"how-and-why-to-write-mutation-tests-in-c","publish","post","attachment-generated-size","https://daninacan.com/wp-content/uploads/2024/12/stryker_html_report-1024x282.jpg","by-post\published\how-and-why-to-write-mutation-tests-in-c\2024\12\stryker_html_report-1024x282.jpg"
"how-and-why-to-write-mutation-tests-in-c","publish","post","attachment-generated-size","https://daninacan.com/wp-content/uploads/2024/12/stryker_html_report-150x150.jpg","by-post\published\how-and-why-to-write-mutation-tests-in-c\2024\12\stryker_html_report-150x150.jpg"
"how-and-why-to-write-mutation-tests-in-c","publish","post","attachment-generated-size","https://daninacan.com/wp-content/uploads/2024/12/stryker_html_report-1536x423.jpg","by-post\published\how-and-why-to-write-mutation-tests-in-c\2024\12\stryker_html_report-1536x423.jpg"
"how-and-why-to-write-mutation-tests-in-c","publish","post","attachment-generated-size","https://daninacan.com/wp-content/uploads/2024/12/stryker_html_report-300x83.jpg","by-post\published\how-and-why-to-write-mutation-tests-in-c\2024\12\stryker_html_report-300x83.jpg"
"how-and-why-to-write-mutation-tests-in-c","publish","post","attachment-generated-size","https://daninacan.com/wp-content/uploads/2024/12/stryker_html_report-768x212.jpg","by-post\published\how-and-why-to-write-mutation-tests-in-c\2024\12\stryker_html_report-768x212.jpg"
"how-and-why-to-write-mutation-tests-in-c","publish","post","attachment-parent","https://daninacan.com/wp-content/uploads/2024/12/stryker_html_report.jpg","by-post\published\how-and-why-to-write-mutation-tests-in-c\2024\12\stryker_html_report.jpg"
"how-to-auto-fetch-an-oauth-token-in-postman-requests","publish","post","attachment-generated-size","https://daninacan.com/wp-content/uploads/2023/05/postman-collection-authorization-1024x618.png","by-post\published\how-to-auto-fetch-an-oauth-token-in-postman-requests\2023\05\postman-collection-authorization-1024x618.png"
"how-to-auto-fetch-an-oauth-token-in-postman-requests","publish","post","attachment-generated-size","https://daninacan.com/wp-content/uploads/2023/05/postman-collection-authorization-150x150.png","by-post\published\how-to-auto-fetch-an-oauth-token-in-postman-requests\2023\05\postman-collection-authorization-150x150.png"
"how-to-auto-fetch-an-oauth-token-in-postman-requests","publish","post","attachment-generated-size","https://daninacan.com/wp-content/uploads/2023/05/postman-collection-authorization-300x181.png","by-post\published\how-to-auto-fetch-an-oauth-token-in-postman-requests\2023\05\postman-collection-authorization-300x181.png"
"how-to-auto-fetch-an-oauth-token-in-postman-requests","publish","post","attachment-generated-size","https://daninacan.com/wp-content/uploads/2023/05/postman-collection-authorization-768x463.png","by-post\published\how-to-auto-fetch-an-oauth-token-in-postman-requests\2023\05\postman-collection-authorization-768x463.png"
"how-to-auto-fetch-an-oauth-token-in-postman-requests","publish","post","attachment-parent","https://daninacan.com/wp-content/uploads/2023/05/postman-collection-authorization.png","by-post\published\how-to-auto-fetch-an-oauth-token-in-postman-requests\2023\05\postman-collection-authorization.png"
"how-to-auto-fetch-an-oauth-token-in-postman-requests","publish","post","attachment-generated-size","https://daninacan.com/wp-content/uploads/2023/05/postman-collection-variables-1024x521.png","by-post\published\how-to-auto-fetch-an-oauth-token-in-postman-requests\2023\05\postman-collection-variables-1024x521.png"
"how-to-auto-fetch-an-oauth-token-in-postman-requests","publish","post","attachment-generated-size","https://daninacan.com/wp-content/uploads/2023/05/postman-collection-variables-150x150.png","by-post\published\how-to-auto-fetch-an-oauth-token-in-postman-requests\2023\05\postman-collection-variables-150x150.png"
"how-to-auto-fetch-an-oauth-token-in-postman-requests","publish","post","attachment-generated-size","https://daninacan.com/wp-content/uploads/2023/05/postman-collection-variables-300x153.png","by-post\published\how-to-auto-fetch-an-oauth-token-in-postman-requests\2023\05\postman-collection-variables-300x153.png"
"how-to-auto-fetch-an-oauth-token-in-postman-requests","publish","post","attachment-generated-size","https://daninacan.com/wp-content/uploads/2023/05/postman-collection-variables-768x391.png","by-post\published\how-to-auto-fetch-an-oauth-token-in-postman-requests\2023\05\postman-collection-variables-768x391.png"
"how-to-auto-fetch-an-oauth-token-in-postman-requests","publish","post","attachment-parent","https://daninacan.com/wp-content/uploads/2023/05/postman-collection-variables.png","by-post\published\how-to-auto-fetch-an-oauth-token-in-postman-requests\2023\05\postman-collection-variables.png"
"how-to-auto-fetch-an-oauth-token-in-postman-requests","publish","post","attachment-generated-size","https://daninacan.com/wp-content/uploads/2023/05/postman-create-environment-150x150.png","by-post\published\how-to-auto-fetch-an-oauth-token-in-postman-requests\2023\05\postman-create-environment-150x150.png"
"how-to-auto-fetch-an-oauth-token-in-postman-requests","publish","post","attachment-generated-size","https://daninacan.com/wp-content/uploads/2023/05/postman-create-environment-300x293.png","by-post\published\how-to-auto-fetch-an-oauth-token-in-postman-requests\2023\05\postman-create-environment-300x293.png"
"how-to-auto-fetch-an-oauth-token-in-postman-requests","publish","post","attachment-parent","https://daninacan.com/wp-content/uploads/2023/05/postman-create-environment.png","by-post\published\how-to-auto-fetch-an-oauth-token-in-postman-requests\2023\05\postman-create-environment.png"
"how-to-auto-fetch-an-oauth-token-in-postman-requests","publish","post","attachment-generated-size","https://daninacan.com/wp-content/uploads/2023/05/postman-create-new-collection-150x150.png","by-post\published\how-to-auto-fetch-an-oauth-token-in-postman-requests\2023\05\postman-create-new-collection-150x150.png"
"how-to-auto-fetch-an-oauth-token-in-postman-requests","publish","post","attachment-generated-size","https://daninacan.com/wp-content/uploads/2023/05/postman-create-new-collection-300x300.png","by-post\published\how-to-auto-fetch-an-oauth-token-in-postman-requests\2023\05\postman-create-new-collection-300x300.png"
"how-to-auto-fetch-an-oauth-token-in-postman-requests","publish","post","attachment-parent","https://daninacan.com/wp-content/uploads/2023/05/postman-create-new-collection.png","by-post\published\how-to-auto-fetch-an-oauth-token-in-postman-requests\2023\05\postman-create-new-collection.png"
"how-to-auto-fetch-an-oauth-token-in-postman-requests","publish","post","attachment-generated-size","https://daninacan.com/wp-content/uploads/2023/05/postman-environment-variables-1024x273.png","by-post\published\how-to-auto-fetch-an-oauth-token-in-postman-requests\2023\05\postman-environment-variables-1024x273.png"
"how-to-auto-fetch-an-oauth-token-in-postman-requests","publish","post","attachment-generated-size","https://daninacan.com/wp-content/uploads/2023/05/postman-environment-variables-150x150.png","by-post\published\how-to-auto-fetch-an-oauth-token-in-postman-requests\2023\05\postman-environment-variables-150x150.png"
"how-to-auto-fetch-an-oauth-token-in-postman-requests","publish","post","attachment-generated-size","https://daninacan.com/wp-content/uploads/2023/05/postman-environment-variables-300x80.png","by-post\published\how-to-auto-fetch-an-oauth-token-in-postman-requests\2023\05\postman-environment-variables-300x80.png"
"how-to-auto-fetch-an-oauth-token-in-postman-requests","publish","post","attachment-generated-size","https://daninacan.com/wp-content/uploads/2023/05/postman-environment-variables-768x205.png","by-post\published\how-to-auto-fetch-an-oauth-token-in-postman-requests\2023\05\postman-environment-variables-768x205.png"
"how-to-auto-fetch-an-oauth-token-in-postman-requests","publish","post","attachment-parent","https://daninacan.com/wp-content/uploads/2023/05/postman-environment-variables.png","by-post\published\how-to-auto-fetch-an-oauth-token-in-postman-requests\2023\05\postman-environment-variables.png"
"how-to-auto-fetch-an-oauth-token-in-postman-requests","publish","post","attachment-generated-size","https://daninacan.com/wp-content/uploads/2023/05/postman-pre-request-script-area-150x150.png","by-post\published\how-to-auto-fetch-an-oauth-token-in-postman-requests\2023\05\postman-pre-request-script-area-150x150.png"
"how-to-auto-fetch-an-oauth-token-in-postman-requests","publish","post","attachment-generated-size","https://daninacan.com/wp-content/uploads/2023/05/postman-pre-request-script-area-300x190.png","by-post\published\how-to-auto-fetch-an-oauth-token-in-postman-requests\2023\05\postman-pre-request-script-area-300x190.png"
"how-to-auto-fetch-an-oauth-token-in-postman-requests","publish","post","attachment-generated-size","https://daninacan.com/wp-content/uploads/2023/05/postman-pre-request-script-area-768x486.png","by-post\published\how-to-auto-fetch-an-oauth-token-in-postman-requests\2023\05\postman-pre-request-script-area-768x486.png"
"how-to-auto-fetch-an-oauth-token-in-postman-requests","publish","post","attachment-parent","https://daninacan.com/wp-content/uploads/2023/05/postman-pre-request-script-area.png","by-post\published\how-to-auto-fetch-an-oauth-token-in-postman-requests\2023\05\postman-pre-request-script-area.png"
"how-to-auto-fetch-an-oauth-token-in-postman-requests","publish","post","attachment-generated-size","https://daninacan.com/wp-content/uploads/2023/05/postman-request-authorization-150x150.png","by-post\published\how-to-auto-fetch-an-oauth-token-in-postman-requests\2023\05\postman-request-authorization-150x150.png"
"how-to-auto-fetch-an-oauth-token-in-postman-requests","publish","post","attachment-generated-size","https://daninacan.com/wp-content/uploads/2023/05/postman-request-authorization-300x229.png","by-post\published\how-to-auto-fetch-an-oauth-token-in-postman-requests\2023\05\postman-request-authorization-300x229.png"
"how-to-auto-fetch-an-oauth-token-in-postman-requests","publish","post","attachment-generated-size","https://daninacan.com/wp-content/uploads/2023/05/postman-request-authorization-768x587.png","by-post\published\how-to-auto-fetch-an-oauth-token-in-postman-requests\2023\05\postman-request-authorization-768x587.png"
"how-to-auto-fetch-an-oauth-token-in-postman-requests","publish","post","attachment-parent","https://daninacan.com/wp-content/uploads/2023/05/postman-request-authorization.png","by-post\published\how-to-auto-fetch-an-oauth-token-in-postman-requests\2023\05\postman-request-authorization.png"
"how-to-auto-fetch-an-oauth-token-in-postman-requests","publish","post","attachment-generated-size","https://daninacan.com/wp-content/uploads/2023/05/postman-request-console-log-150x150.png","by-post\published\how-to-auto-fetch-an-oauth-token-in-postman-requests\2023\05\postman-request-console-log-150x150.png"
"how-to-auto-fetch-an-oauth-token-in-postman-requests","publish","post","attachment-generated-size","https://daninacan.com/wp-content/uploads/2023/05/postman-request-console-log-275x300.png","by-post\published\how-to-auto-fetch-an-oauth-token-in-postman-requests\2023\05\postman-request-console-log-275x300.png"
"how-to-auto-fetch-an-oauth-token-in-postman-requests","publish","post","attachment-generated-size","https://daninacan.com/wp-content/uploads/2023/05/postman-request-console-log-768x838.png","by-post\published\how-to-auto-fetch-an-oauth-token-in-postman-requests\2023\05\postman-request-console-log-768x838.png"
"how-to-auto-fetch-an-oauth-token-in-postman-requests","publish","post","attachment-parent","https://daninacan.com/wp-content/uploads/2023/05/postman-request-console-log.png","by-post\published\how-to-auto-fetch-an-oauth-token-in-postman-requests\2023\05\postman-request-console-log.png"
"how-to-run-every-possible-combination-of-arguments-in-xunit","publish","post","attachment-generated-size","https://daninacan.com/wp-content/uploads/2023/10/testrunner-150x150.png","by-post\published\how-to-run-every-possible-combination-of-arguments-in-xunit\2023\10\testrunner-150x150.png"
"how-to-run-every-possible-combination-of-arguments-in-xunit","publish","post","attachment-generated-size","https://daninacan.com/wp-content/uploads/2023/10/testrunner-300x108.png","by-post\published\how-to-run-every-possible-combination-of-arguments-in-xunit\2023\10\testrunner-300x108.png"
"how-to-run-every-possible-combination-of-arguments-in-xunit","publish","post","attachment-generated-size","https://daninacan.com/wp-content/uploads/2023/10/testrunner-768x277.png","by-post\published\how-to-run-every-possible-combination-of-arguments-in-xunit\2023\10\testrunner-768x277.png"
"how-to-run-every-possible-combination-of-arguments-in-xunit","publish","post","attachment-parent","https://daninacan.com/wp-content/uploads/2023/10/testrunner.png","by-post\published\how-to-run-every-possible-combination-of-arguments-in-xunit\2023\10\testrunner.png"
"how-to-test-a-database-in-c-with-testcontainers","publish","post","attachment-generated-size","https://daninacan.com/wp-content/uploads/2024/01/docker-containers-1024x121.png","by-post\published\how-to-test-a-database-in-c-with-testcontainers\2024\01\docker-containers-1024x121.png"
"how-to-test-a-database-in-c-with-testcontainers","publish","post","attachment-generated-size","https://daninacan.com/wp-content/uploads/2024/01/docker-containers-150x150.png","by-post\published\how-to-test-a-database-in-c-with-testcontainers\2024\01\docker-containers-150x150.png"
"how-to-test-a-database-in-c-with-testcontainers","publish","post","attachment-generated-size","https://daninacan.com/wp-content/uploads/2024/01/docker-containers-300x35.png","by-post\published\how-to-test-a-database-in-c-with-testcontainers\2024\01\docker-containers-300x35.png"
"how-to-test-a-database-in-c-with-testcontainers","publish","post","attachment-generated-size","https://daninacan.com/wp-content/uploads/2024/01/docker-containers-768x91.png","by-post\published\how-to-test-a-database-in-c-with-testcontainers\2024\01\docker-containers-768x91.png"
"how-to-test-a-database-in-c-with-testcontainers","publish","post","attachment-parent","https://daninacan.com/wp-content/uploads/2024/01/docker-containers.png","by-post\published\how-to-test-a-database-in-c-with-testcontainers\2024\01\docker-containers.png"
"how-to-unit-test-serilog-logcontext-with-testcorrelator","publish","post","attachment-generated-size","https://daninacan.com/wp-content/uploads/2023/04/logEvent-150x150.png","by-post\published\how-to-unit-test-serilog-logcontext-with-testcorrelator\2023\04\logEvent-150x150.png"
"how-to-unit-test-serilog-logcontext-with-testcorrelator","publish","post","attachment-generated-size","https://daninacan.com/wp-content/uploads/2023/04/logEvent-300x76.png","by-post\published\how-to-unit-test-serilog-logcontext-with-testcorrelator\2023\04\logEvent-300x76.png"
"how-to-unit-test-serilog-logcontext-with-testcorrelator","publish","post","attachment-parent","https://daninacan.com/wp-content/uploads/2023/04/logEvent.png","by-post\published\how-to-unit-test-serilog-logcontext-with-testcorrelator\2023\04\logEvent.png"
"how-to-use-agent-skills-in-github-copilot","publish","post","attachment-generated-size","https://daninacan.com/wp-content/uploads/2026/01/maciej-karon-XxBF57rKMOg-unsplash-1-1024x683.jpg","by-post\published\how-to-use-agent-skills-in-github-copilot\2026\01\maciej-karon-XxBF57rKMOg-unsplash-1-1024x683.jpg"
"how-to-use-agent-skills-in-github-copilot","publish","post","attachment-generated-size","https://daninacan.com/wp-content/uploads/2026/01/maciej-karon-XxBF57rKMOg-unsplash-1-150x150.jpg","by-post\published\how-to-use-agent-skills-in-github-copilot\2026\01\maciej-karon-XxBF57rKMOg-unsplash-1-150x150.jpg"
"how-to-use-agent-skills-in-github-copilot","publish","post","attachment-generated-size","https://daninacan.com/wp-content/uploads/2026/01/maciej-karon-XxBF57rKMOg-unsplash-1-1536x1024.jpg","by-post\published\how-to-use-agent-skills-in-github-copilot\2026\01\maciej-karon-XxBF57rKMOg-unsplash-1-1536x1024.jpg"
"how-to-use-agent-skills-in-github-copilot","publish","post","attachment-generated-size","https://daninacan.com/wp-content/uploads/2026/01/maciej-karon-XxBF57rKMOg-unsplash-1-2048x1365.jpg","by-post\published\how-to-use-agent-skills-in-github-copilot\2026\01\maciej-karon-XxBF57rKMOg-unsplash-1-2048x1365.jpg"
"how-to-use-agent-skills-in-github-copilot","publish","post","attachment-generated-size","https://daninacan.com/wp-content/uploads/2026/01/maciej-karon-XxBF57rKMOg-unsplash-1-300x200.jpg","by-post\published\how-to-use-agent-skills-in-github-copilot\2026\01\maciej-karon-XxBF57rKMOg-unsplash-1-300x200.jpg"
"how-to-use-agent-skills-in-github-copilot","publish","post","attachment-generated-size","https://daninacan.com/wp-content/uploads/2026/01/maciej-karon-XxBF57rKMOg-unsplash-1-768x512.jpg","by-post\published\how-to-use-agent-skills-in-github-copilot\2026\01\maciej-karon-XxBF57rKMOg-unsplash-1-768x512.jpg"
"how-to-use-agent-skills-in-github-copilot","publish","post","attachment-parent","https://daninacan.com/wp-content/uploads/2026/01/maciej-karon-XxBF57rKMOg-unsplash-1-scaled.jpg","by-post\published\how-to-use-agent-skills-in-github-copilot\2026\01\maciej-karon-XxBF57rKMOg-unsplash-1-scaled.jpg"
"how-to-use-agent-skills-in-github-copilot","publish","post","attachment-generated-size","https://daninacan.com/wp-content/uploads/2026/01/maciej-karon-XxBF57rKMOg-unsplash-1024x683.jpg","by-post\published\how-to-use-agent-skills-in-github-copilot\2026\01\maciej-karon-XxBF57rKMOg-unsplash-1024x683.jpg"
"how-to-use-agent-skills-in-github-copilot","publish","post","attachment-generated-size","https://daninacan.com/wp-content/uploads/2026/01/maciej-karon-XxBF57rKMOg-unsplash-150x150.jpg","by-post\published\how-to-use-agent-skills-in-github-copilot\2026\01\maciej-karon-XxBF57rKMOg-unsplash-150x150.jpg"
"how-to-use-agent-skills-in-github-copilot","publish","post","attachment-generated-size","https://daninacan.com/wp-content/uploads/2026/01/maciej-karon-XxBF57rKMOg-unsplash-1536x1024.jpg","by-post\published\how-to-use-agent-skills-in-github-copilot\2026\01\maciej-karon-XxBF57rKMOg-unsplash-1536x1024.jpg"
"how-to-use-agent-skills-in-github-copilot","publish","post","attachment-generated-size","https://daninacan.com/wp-content/uploads/2026/01/maciej-karon-XxBF57rKMOg-unsplash-2048x1365.jpg","by-post\published\how-to-use-agent-skills-in-github-copilot\2026\01\maciej-karon-XxBF57rKMOg-unsplash-2048x1365.jpg"
"how-to-use-agent-skills-in-github-copilot","publish","post","attachment-generated-size","https://daninacan.com/wp-content/uploads/2026/01/maciej-karon-XxBF57rKMOg-unsplash-300x200.jpg","by-post\published\how-to-use-agent-skills-in-github-copilot\2026\01\maciej-karon-XxBF57rKMOg-unsplash-300x200.jpg"
"how-to-use-agent-skills-in-github-copilot","publish","post","attachment-generated-size","https://daninacan.com/wp-content/uploads/2026/01/maciej-karon-XxBF57rKMOg-unsplash-768x512.jpg","by-post\published\how-to-use-agent-skills-in-github-copilot\2026\01\maciej-karon-XxBF57rKMOg-unsplash-768x512.jpg"
"how-to-use-agent-skills-in-github-copilot","publish","post","attachment-parent","https://daninacan.com/wp-content/uploads/2026/01/maciej-karon-XxBF57rKMOg-unsplash-scaled.jpg","by-post\published\how-to-use-agent-skills-in-github-copilot\2026\01\maciej-karon-XxBF57rKMOg-unsplash-scaled.jpg"
"how-to-use-agent-skills-in-github-copilot","publish","post","attachment-generated-size","https://daninacan.com/wp-content/uploads/2026/01/vcs-skill-chat-project-creation-150x150.jpg","by-post\published\how-to-use-agent-skills-in-github-copilot\2026\01\vcs-skill-chat-project-creation-150x150.jpg"
"how-to-use-agent-skills-in-github-copilot","publish","post","attachment-generated-size","https://daninacan.com/wp-content/uploads/2026/01/vcs-skill-chat-project-creation-300x253.jpg","by-post\published\how-to-use-agent-skills-in-github-copilot\2026\01\vcs-skill-chat-project-creation-300x253.jpg"
"how-to-use-agent-skills-in-github-copilot","publish","post","attachment-parent","https://daninacan.com/wp-content/uploads/2026/01/vcs-skill-chat-project-creation.jpg","by-post\published\how-to-use-agent-skills-in-github-copilot\2026\01\vcs-skill-chat-project-creation.jpg"
"how-to-use-agent-skills-in-github-copilot","publish","post","attachment-generated-size","https://daninacan.com/wp-content/uploads/2026/01/vsc-skill-setting-150x150.jpg","by-post\published\how-to-use-agent-skills-in-github-copilot\2026\01\vsc-skill-setting-150x150.jpg"
"how-to-use-agent-skills-in-github-copilot","publish","post","attachment-generated-size","https://daninacan.com/wp-content/uploads/2026/01/vsc-skill-setting-300x102.jpg","by-post\published\how-to-use-agent-skills-in-github-copilot\2026\01\vsc-skill-setting-300x102.jpg"
"how-to-use-agent-skills-in-github-copilot","publish","post","attachment-generated-size","https://daninacan.com/wp-content/uploads/2026/01/vsc-skill-setting-768x262.jpg","by-post\published\how-to-use-agent-skills-in-github-copilot\2026\01\vsc-skill-setting-768x262.jpg"
"how-to-use-agent-skills-in-github-copilot","publish","post","attachment-parent","https://daninacan.com/wp-content/uploads/2026/01/vsc-skill-setting.jpg","by-post\published\how-to-use-agent-skills-in-github-copilot\2026\01\vsc-skill-setting.jpg"
"how-to-use-agent-skills-in-github-copilot","publish","post","attachment-generated-size","https://daninacan.com/wp-content/uploads/2026/01/vsc-skill-usage-150x150.jpg","by-post\published\how-to-use-agent-skills-in-github-copilot\2026\01\vsc-skill-usage-150x150.jpg"
"how-to-use-agent-skills-in-github-copilot","publish","post","attachment-generated-size","https://daninacan.com/wp-content/uploads/2026/01/vsc-skill-usage-300x107.jpg","by-post\published\how-to-use-agent-skills-in-github-copilot\2026\01\vsc-skill-usage-300x107.jpg"
"how-to-use-agent-skills-in-github-copilot","publish","post","attachment-parent","https://daninacan.com/wp-content/uploads/2026/01/vsc-skill-usage.jpg","by-post\published\how-to-use-agent-skills-in-github-copilot\2026\01\vsc-skill-usage.jpg"
"how-to-use-azure-models-in-github-copilot-cli-and-vs-code","publish","post","attachment-generated-size","https://daninacan.com/wp-content/uploads/2026/07/createproject-150x150.jpg","by-post\published\how-to-use-azure-models-in-github-copilot-cli-and-vs-code\2026\07\createproject-150x150.jpg"
"how-to-use-azure-models-in-github-copilot-cli-and-vs-code","publish","post","attachment-generated-size","https://daninacan.com/wp-content/uploads/2026/07/createproject-289x300.jpg","by-post\published\how-to-use-azure-models-in-github-copilot-cli-and-vs-code\2026\07\createproject-289x300.jpg"
"how-to-use-azure-models-in-github-copilot-cli-and-vs-code","publish","post","attachment-parent","https://daninacan.com/wp-content/uploads/2026/07/createproject.jpg","by-post\published\how-to-use-azure-models-in-github-copilot-cli-and-vs-code\2026\07\createproject.jpg"
"how-to-use-azure-models-in-github-copilot-cli-and-vs-code","publish","post","attachment-generated-size","https://daninacan.com/wp-content/uploads/2026/07/foundryhome-1024x462.jpg","by-post\published\how-to-use-azure-models-in-github-copilot-cli-and-vs-code\2026\07\foundryhome-1024x462.jpg"
"how-to-use-azure-models-in-github-copilot-cli-and-vs-code","publish","post","attachment-generated-size","https://daninacan.com/wp-content/uploads/2026/07/foundryhome-150x150.jpg","by-post\published\how-to-use-azure-models-in-github-copilot-cli-and-vs-code\2026\07\foundryhome-150x150.jpg"
"how-to-use-azure-models-in-github-copilot-cli-and-vs-code","publish","post","attachment-generated-size","https://daninacan.com/wp-content/uploads/2026/07/foundryhome-300x135.jpg","by-post\published\how-to-use-azure-models-in-github-copilot-cli-and-vs-code\2026\07\foundryhome-300x135.jpg"
"how-to-use-azure-models-in-github-copilot-cli-and-vs-code","publish","post","attachment-generated-size","https://daninacan.com/wp-content/uploads/2026/07/foundryhome-768x346.jpg","by-post\published\how-to-use-azure-models-in-github-copilot-cli-and-vs-code\2026\07\foundryhome-768x346.jpg"
"how-to-use-azure-models-in-github-copilot-cli-and-vs-code","publish","post","attachment-parent","https://daninacan.com/wp-content/uploads/2026/07/foundryhome.jpg","by-post\published\how-to-use-azure-models-in-github-copilot-cli-and-vs-code\2026\07\foundryhome.jpg"
"how-to-use-azure-models-in-github-copilot-cli-and-vs-code","publish","post","attachment-generated-size","https://daninacan.com/wp-content/uploads/2026/07/foundrylanding-1024x254.jpg","by-post\published\how-to-use-azure-models-in-github-copilot-cli-and-vs-code\2026\07\foundrylanding-1024x254.jpg"
"how-to-use-azure-models-in-github-copilot-cli-and-vs-code","publish","post","attachment-generated-size","https://daninacan.com/wp-content/uploads/2026/07/foundrylanding-150x150.jpg","by-post\published\how-to-use-azure-models-in-github-copilot-cli-and-vs-code\2026\07\foundrylanding-150x150.jpg"
"how-to-use-azure-models-in-github-copilot-cli-and-vs-code","publish","post","attachment-generated-size","https://daninacan.com/wp-content/uploads/2026/07/foundrylanding-1536x381.jpg","by-post\published\how-to-use-azure-models-in-github-copilot-cli-and-vs-code\2026\07\foundrylanding-1536x381.jpg"
"how-to-use-azure-models-in-github-copilot-cli-and-vs-code","publish","post","attachment-generated-size","https://daninacan.com/wp-content/uploads/2026/07/foundrylanding-300x74.jpg","by-post\published\how-to-use-azure-models-in-github-copilot-cli-and-vs-code\2026\07\foundrylanding-300x74.jpg"
"how-to-use-azure-models-in-github-copilot-cli-and-vs-code","publish","post","attachment-generated-size","https://daninacan.com/wp-content/uploads/2026/07/foundrylanding-768x190.jpg","by-post\published\how-to-use-azure-models-in-github-copilot-cli-and-vs-code\2026\07\foundrylanding-768x190.jpg"
"how-to-use-azure-models-in-github-copilot-cli-and-vs-code","publish","post","attachment-parent","https://daninacan.com/wp-content/uploads/2026/07/foundrylanding.jpg","by-post\published\how-to-use-azure-models-in-github-copilot-cli-and-vs-code\2026\07\foundrylanding.jpg"
"how-to-use-azure-models-in-github-copilot-cli-and-vs-code","publish","post","attachment-generated-size","https://daninacan.com/wp-content/uploads/2026/07/vscodeazuremodels-1024x309.jpg","by-post\published\how-to-use-azure-models-in-github-copilot-cli-and-vs-code\2026\07\vscodeazuremodels-1024x309.jpg"
"how-to-use-azure-models-in-github-copilot-cli-and-vs-code","publish","post","attachment-generated-size","https://daninacan.com/wp-content/uploads/2026/07/vscodeazuremodels-150x150.jpg","by-post\published\how-to-use-azure-models-in-github-copilot-cli-and-vs-code\2026\07\vscodeazuremodels-150x150.jpg"
"how-to-use-azure-models-in-github-copilot-cli-and-vs-code","publish","post","attachment-generated-size","https://daninacan.com/wp-content/uploads/2026/07/vscodeazuremodels-300x91.jpg","by-post\published\how-to-use-azure-models-in-github-copilot-cli-and-vs-code\2026\07\vscodeazuremodels-300x91.jpg"
"how-to-use-azure-models-in-github-copilot-cli-and-vs-code","publish","post","attachment-generated-size","https://daninacan.com/wp-content/uploads/2026/07/vscodeazuremodels-768x232.jpg","by-post\published\how-to-use-azure-models-in-github-copilot-cli-and-vs-code\2026\07\vscodeazuremodels-768x232.jpg"
"how-to-use-azure-models-in-github-copilot-cli-and-vs-code","publish","post","attachment-parent","https://daninacan.com/wp-content/uploads/2026/07/vscodeazuremodels.jpg","by-post\published\how-to-use-azure-models-in-github-copilot-cli-and-vs-code\2026\07\vscodeazuremodels.jpg"
"how-to-use-azure-models-in-github-copilot-cli-and-vs-code","publish","post","attachment-generated-size","https://daninacan.com/wp-content/uploads/2026/07/vscodeothermodels-150x150.jpg","by-post\published\how-to-use-azure-models-in-github-copilot-cli-and-vs-code\2026\07\vscodeothermodels-150x150.jpg"
"how-to-use-azure-models-in-github-copilot-cli-and-vs-code","publish","post","attachment-generated-size","https://daninacan.com/wp-content/uploads/2026/07/vscodeothermodels-300x191.jpg","by-post\published\how-to-use-azure-models-in-github-copilot-cli-and-vs-code\2026\07\vscodeothermodels-300x191.jpg"
"how-to-use-azure-models-in-github-copilot-cli-and-vs-code","publish","post","attachment-parent","https://daninacan.com/wp-content/uploads/2026/07/vscodeothermodels.jpg","by-post\published\how-to-use-azure-models-in-github-copilot-cli-and-vs-code\2026\07\vscodeothermodels.jpg"
"how-to-use-azure-models-in-github-copilot-cli-and-vs-code","publish","post","attachment-generated-size","https://daninacan.com/wp-content/uploads/2026/08/azuremodelsheader-1024x399.jpg","by-post\published\how-to-use-azure-models-in-github-copilot-cli-and-vs-code\2026\08\azuremodelsheader-1024x399.jpg"
"how-to-use-azure-models-in-github-copilot-cli-and-vs-code","publish","post","attachment-generated-size","https://daninacan.com/wp-content/uploads/2026/08/azuremodelsheader-150x150.jpg","by-post\published\how-to-use-azure-models-in-github-copilot-cli-and-vs-code\2026\08\azuremodelsheader-150x150.jpg"
"how-to-use-azure-models-in-github-copilot-cli-and-vs-code","publish","post","attachment-generated-size","https://daninacan.com/wp-content/uploads/2026/08/azuremodelsheader-300x117.jpg","by-post\published\how-to-use-azure-models-in-github-copilot-cli-and-vs-code\2026\08\azuremodelsheader-300x117.jpg"
"how-to-use-azure-models-in-github-copilot-cli-and-vs-code","publish","post","attachment-generated-size","https://daninacan.com/wp-content/uploads/2026/08/azuremodelsheader-768x299.jpg","by-post\published\how-to-use-azure-models-in-github-copilot-cli-and-vs-code\2026\08\azuremodelsheader-768x299.jpg"
"how-to-use-azure-models-in-github-copilot-cli-and-vs-code","publish","post","attachment-parent","https://daninacan.com/wp-content/uploads/2026/08/azuremodelsheader.jpg","by-post\published\how-to-use-azure-models-in-github-copilot-cli-and-vs-code\2026\08\azuremodelsheader.jpg"
"how-to-use-azure-models-in-github-copilot-cli-and-vs-code","publish","post","attachment-generated-size","https://daninacan.com/wp-content/uploads/2026/08/copilotcliterra-1024x542.jpg","by-post\published\how-to-use-azure-models-in-github-copilot-cli-and-vs-code\2026\08\copilotcliterra-1024x542.jpg"
"how-to-use-azure-models-in-github-copilot-cli-and-vs-code","publish","post","attachment-generated-size","https://daninacan.com/wp-content/uploads/2026/08/copilotcliterra-150x150.jpg","by-post\published\how-to-use-azure-models-in-github-copilot-cli-and-vs-code\2026\08\copilotcliterra-150x150.jpg"
"how-to-use-azure-models-in-github-copilot-cli-and-vs-code","publish","post","attachment-generated-size","https://daninacan.com/wp-content/uploads/2026/08/copilotcliterra-300x159.jpg","by-post\published\how-to-use-azure-models-in-github-copilot-cli-and-vs-code\2026\08\copilotcliterra-300x159.jpg"
"how-to-use-azure-models-in-github-copilot-cli-and-vs-code","publish","post","attachment-generated-size","https://daninacan.com/wp-content/uploads/2026/08/copilotcliterra-768x407.jpg","by-post\published\how-to-use-azure-models-in-github-copilot-cli-and-vs-code\2026\08\copilotcliterra-768x407.jpg"
"how-to-use-azure-models-in-github-copilot-cli-and-vs-code","publish","post","attachment-parent","https://daninacan.com/wp-content/uploads/2026/08/copilotcliterra.jpg","by-post\published\how-to-use-azure-models-in-github-copilot-cli-and-vs-code\2026\08\copilotcliterra.jpg"
"how-to-use-azure-models-in-github-copilot-cli-and-vs-code","publish","post","attachment-generated-size","https://daninacan.com/wp-content/uploads/2026/08/gptterraapikey-1024x252.jpg","by-post\published\how-to-use-azure-models-in-github-copilot-cli-and-vs-code\2026\08\gptterraapikey-1024x252.jpg"
"how-to-use-azure-models-in-github-copilot-cli-and-vs-code","publish","post","attachment-generated-size","https://daninacan.com/wp-content/uploads/2026/08/gptterraapikey-150x150.jpg","by-post\published\how-to-use-azure-models-in-github-copilot-cli-and-vs-code\2026\08\gptterraapikey-150x150.jpg"
"how-to-use-azure-models-in-github-copilot-cli-and-vs-code","publish","post","attachment-generated-size","https://daninacan.com/wp-content/uploads/2026/08/gptterraapikey-300x74.jpg","by-post\published\how-to-use-azure-models-in-github-copilot-cli-and-vs-code\2026\08\gptterraapikey-300x74.jpg"
"how-to-use-azure-models-in-github-copilot-cli-and-vs-code","publish","post","attachment-generated-size","https://daninacan.com/wp-content/uploads/2026/08/gptterraapikey-768x189.jpg","by-post\published\how-to-use-azure-models-in-github-copilot-cli-and-vs-code\2026\08\gptterraapikey-768x189.jpg"
"how-to-use-azure-models-in-github-copilot-cli-and-vs-code","publish","post","attachment-parent","https://daninacan.com/wp-content/uploads/2026/08/gptterraapikey.jpg","by-post\published\how-to-use-azure-models-in-github-copilot-cli-and-vs-code\2026\08\gptterraapikey.jpg"
"how-to-use-azure-models-in-github-copilot-cli-and-vs-code","publish","post","attachment-generated-size","https://daninacan.com/wp-content/uploads/2026/08/gptterradeploydefault-1024x333.jpg","by-post\published\how-to-use-azure-models-in-github-copilot-cli-and-vs-code\2026\08\gptterradeploydefault-1024x333.jpg"
"how-to-use-azure-models-in-github-copilot-cli-and-vs-code","publish","post","attachment-generated-size","https://daninacan.com/wp-content/uploads/2026/08/gptterradeploydefault-150x150.jpg","by-post\published\how-to-use-azure-models-in-github-copilot-cli-and-vs-code\2026\08\gptterradeploydefault-150x150.jpg"
"how-to-use-azure-models-in-github-copilot-cli-and-vs-code","publish","post","attachment-generated-size","https://daninacan.com/wp-content/uploads/2026/08/gptterradeploydefault-300x98.jpg","by-post\published\how-to-use-azure-models-in-github-copilot-cli-and-vs-code\2026\08\gptterradeploydefault-300x98.jpg"
"how-to-use-azure-models-in-github-copilot-cli-and-vs-code","publish","post","attachment-generated-size","https://daninacan.com/wp-content/uploads/2026/08/gptterradeploydefault-768x250.jpg","by-post\published\how-to-use-azure-models-in-github-copilot-cli-and-vs-code\2026\08\gptterradeploydefault-768x250.jpg"
"how-to-use-azure-models-in-github-copilot-cli-and-vs-code","publish","post","attachment-parent","https://daninacan.com/wp-content/uploads/2026/08/gptterradeploydefault.jpg","by-post\published\how-to-use-azure-models-in-github-copilot-cli-and-vs-code\2026\08\gptterradeploydefault.jpg"
"how-to-use-azure-models-in-github-copilot-cli-and-vs-code","publish","post","attachment-generated-size","https://daninacan.com/wp-content/uploads/2026/08/gptterrasearch-150x150.jpg","by-post\published\how-to-use-azure-models-in-github-copilot-cli-and-vs-code\2026\08\gptterrasearch-150x150.jpg"
"how-to-use-azure-models-in-github-copilot-cli-and-vs-code","publish","post","attachment-generated-size","https://daninacan.com/wp-content/uploads/2026/08/gptterrasearch-300x94.jpg","by-post\published\how-to-use-azure-models-in-github-copilot-cli-and-vs-code\2026\08\gptterrasearch-300x94.jpg"
"how-to-use-azure-models-in-github-copilot-cli-and-vs-code","publish","post","attachment-generated-size","https://daninacan.com/wp-content/uploads/2026/08/gptterrasearch-768x242.jpg","by-post\published\how-to-use-azure-models-in-github-copilot-cli-and-vs-code\2026\08\gptterrasearch-768x242.jpg"
"how-to-use-azure-models-in-github-copilot-cli-and-vs-code","publish","post","attachment-parent","https://daninacan.com/wp-content/uploads/2026/08/gptterrasearch.jpg","by-post\published\how-to-use-azure-models-in-github-copilot-cli-and-vs-code\2026\08\gptterrasearch.jpg"
"how-to-use-azure-models-in-github-copilot-cli-and-vs-code","publish","post","attachment-generated-size","https://daninacan.com/wp-content/uploads/2026/08/status-line-screenshot-1024x568.jpg","by-post\published\how-to-use-azure-models-in-github-copilot-cli-and-vs-code\2026\08\status-line-screenshot-1024x568.jpg"
"how-to-use-azure-models-in-github-copilot-cli-and-vs-code","publish","post","attachment-generated-size","https://daninacan.com/wp-content/uploads/2026/08/status-line-screenshot-150x150.jpg","by-post\published\how-to-use-azure-models-in-github-copilot-cli-and-vs-code\2026\08\status-line-screenshot-150x150.jpg"
"how-to-use-azure-models-in-github-copilot-cli-and-vs-code","publish","post","attachment-generated-size","https://daninacan.com/wp-content/uploads/2026/08/status-line-screenshot-300x166.jpg","by-post\published\how-to-use-azure-models-in-github-copilot-cli-and-vs-code\2026\08\status-line-screenshot-300x166.jpg"
"how-to-use-azure-models-in-github-copilot-cli-and-vs-code","publish","post","attachment-generated-size","https://daninacan.com/wp-content/uploads/2026/08/status-line-screenshot-768x426.jpg","by-post\published\how-to-use-azure-models-in-github-copilot-cli-and-vs-code\2026\08\status-line-screenshot-768x426.jpg"
"how-to-use-azure-models-in-github-copilot-cli-and-vs-code","publish","post","attachment-parent","https://daninacan.com/wp-content/uploads/2026/08/status-line-screenshot.jpg","by-post\published\how-to-use-azure-models-in-github-copilot-cli-and-vs-code\2026\08\status-line-screenshot.jpg"
"how-to-use-azure-models-in-github-copilot-cli-and-vs-code","publish","post","attachment-generated-size","https://daninacan.com/wp-content/uploads/2026/08/vscodeusingterra-150x150.jpg","by-post\published\how-to-use-azure-models-in-github-copilot-cli-and-vs-code\2026\08\vscodeusingterra-150x150.jpg"
"how-to-use-azure-models-in-github-copilot-cli-and-vs-code","publish","post","attachment-generated-size","https://daninacan.com/wp-content/uploads/2026/08/vscodeusingterra-300x300.jpg","by-post\published\how-to-use-azure-models-in-github-copilot-cli-and-vs-code\2026\08\vscodeusingterra-300x300.jpg"
"how-to-use-azure-models-in-github-copilot-cli-and-vs-code","publish","post","attachment-parent","https://daninacan.com/wp-content/uploads/2026/08/vscodeusingterra.jpg","by-post\published\how-to-use-azure-models-in-github-copilot-cli-and-vs-code\2026\08\vscodeusingterra.jpg"
"how-to-use-enums-in-asp-net-core-routes","publish","post","attachment-generated-size","https://daninacan.com/wp-content/uploads/2023/06/swagger-dropdown-1024x376.png","by-post\published\how-to-use-enums-in-asp-net-core-routes\2023\06\swagger-dropdown-1024x376.png"
"how-to-use-enums-in-asp-net-core-routes","publish","post","attachment-generated-size","https://daninacan.com/wp-content/uploads/2023/06/swagger-dropdown-150x150.png","by-post\published\how-to-use-enums-in-asp-net-core-routes\2023\06\swagger-dropdown-150x150.png"
"how-to-use-enums-in-asp-net-core-routes","publish","post","attachment-generated-size","https://daninacan.com/wp-content/uploads/2023/06/swagger-dropdown-300x110.png","by-post\published\how-to-use-enums-in-asp-net-core-routes\2023\06\swagger-dropdown-300x110.png"
"how-to-use-enums-in-asp-net-core-routes","publish","post","attachment-generated-size","https://daninacan.com/wp-content/uploads/2023/06/swagger-dropdown-768x282.png","by-post\published\how-to-use-enums-in-asp-net-core-routes\2023\06\swagger-dropdown-768x282.png"
"how-to-use-enums-in-asp-net-core-routes","publish","post","attachment-parent","https://daninacan.com/wp-content/uploads/2023/06/swagger-dropdown.png","by-post\published\how-to-use-enums-in-asp-net-core-routes\2023\06\swagger-dropdown.png"
"how-to-use-pulumi-with-c-how-pulumi-works","publish","post","attachment-generated-size","https://daninacan.com/wp-content/uploads/2025/05/How-Pulumi-works-1024x245.jpeg","by-post\published\how-to-use-pulumi-with-c-how-pulumi-works\2025\05\How-Pulumi-works-1024x245.jpeg"
"how-to-use-pulumi-with-c-how-pulumi-works","publish","post","attachment-generated-size","https://daninacan.com/wp-content/uploads/2025/05/How-Pulumi-works-150x150.jpeg","by-post\published\how-to-use-pulumi-with-c-how-pulumi-works\2025\05\How-Pulumi-works-150x150.jpeg"
"how-to-use-pulumi-with-c-how-pulumi-works","publish","post","attachment-generated-size","https://daninacan.com/wp-content/uploads/2025/05/How-Pulumi-works-1536x367.jpeg","by-post\published\how-to-use-pulumi-with-c-how-pulumi-works\2025\05\How-Pulumi-works-1536x367.jpeg"
"how-to-use-pulumi-with-c-how-pulumi-works","publish","post","attachment-generated-size","https://daninacan.com/wp-content/uploads/2025/05/How-Pulumi-works-2048x490.jpeg","by-post\published\how-to-use-pulumi-with-c-how-pulumi-works\2025\05\How-Pulumi-works-2048x490.jpeg"
"how-to-use-pulumi-with-c-how-pulumi-works","publish","post","attachment-generated-size","https://daninacan.com/wp-content/uploads/2025/05/How-Pulumi-works-300x72.jpeg","by-post\published\how-to-use-pulumi-with-c-how-pulumi-works\2025\05\How-Pulumi-works-300x72.jpeg"
"how-to-use-pulumi-with-c-how-pulumi-works","publish","post","attachment-generated-size","https://daninacan.com/wp-content/uploads/2025/05/How-Pulumi-works-768x184.jpeg","by-post\published\how-to-use-pulumi-with-c-how-pulumi-works\2025\05\How-Pulumi-works-768x184.jpeg"
"how-to-use-pulumi-with-c-how-pulumi-works","publish","post","attachment-generated-size","https://daninacan.com/wp-content/uploads/2025/05/How-Pulumi-works-diagram-1024x242.jpeg","by-post\published\how-to-use-pulumi-with-c-how-pulumi-works\2025\05\How-Pulumi-works-diagram-1024x242.jpeg"
"how-to-use-pulumi-with-c-how-pulumi-works","publish","post","attachment-generated-size","https://daninacan.com/wp-content/uploads/2025/05/How-Pulumi-works-diagram-150x150.jpeg","by-post\published\how-to-use-pulumi-with-c-how-pulumi-works\2025\05\How-Pulumi-works-diagram-150x150.jpeg"
"how-to-use-pulumi-with-c-how-pulumi-works","publish","post","attachment-generated-size","https://daninacan.com/wp-content/uploads/2025/05/How-Pulumi-works-diagram-1536x363.jpeg","by-post\published\how-to-use-pulumi-with-c-how-pulumi-works\2025\05\How-Pulumi-works-diagram-1536x363.jpeg"
"how-to-use-pulumi-with-c-how-pulumi-works","publish","post","attachment-generated-size","https://daninacan.com/wp-content/uploads/2025/05/How-Pulumi-works-diagram-2048x484.jpeg","by-post\published\how-to-use-pulumi-with-c-how-pulumi-works\2025\05\How-Pulumi-works-diagram-2048x484.jpeg"
"how-to-use-pulumi-with-c-how-pulumi-works","publish","post","attachment-generated-size","https://daninacan.com/wp-content/uploads/2025/05/How-Pulumi-works-diagram-300x71.jpeg","by-post\published\how-to-use-pulumi-with-c-how-pulumi-works\2025\05\How-Pulumi-works-diagram-300x71.jpeg"
"how-to-use-pulumi-with-c-how-pulumi-works","publish","post","attachment-generated-size","https://daninacan.com/wp-content/uploads/2025/05/How-Pulumi-works-diagram-768x181.jpeg","by-post\published\how-to-use-pulumi-with-c-how-pulumi-works\2025\05\How-Pulumi-works-diagram-768x181.jpeg"
"how-to-use-pulumi-with-c-how-pulumi-works","publish","post","attachment-parent","https://daninacan.com/wp-content/uploads/2025/05/How-Pulumi-works-diagram.jpeg","by-post\published\how-to-use-pulumi-with-c-how-pulumi-works\2025\05\How-Pulumi-works-diagram.jpeg"
"how-to-use-pulumi-with-c-how-pulumi-works","publish","post","attachment-parent","https://daninacan.com/wp-content/uploads/2025/05/How-Pulumi-works.jpeg","by-post\published\how-to-use-pulumi-with-c-how-pulumi-works\2025\05\How-Pulumi-works.jpeg"
"how-to-use-pulumi-with-c-inputs-and-outputs","publish","post","attachment-generated-size","https://daninacan.com/wp-content/uploads/2025/06/workspace-150x150.jpg","by-post\published\how-to-use-pulumi-with-c-inputs-and-outputs\2025\06\workspace-150x150.jpg"
"how-to-use-pulumi-with-c-inputs-and-outputs","publish","post","attachment-generated-size","https://daninacan.com/wp-content/uploads/2025/06/workspace-300x261.jpg","by-post\published\how-to-use-pulumi-with-c-inputs-and-outputs\2025\06\workspace-300x261.jpg"
"how-to-use-pulumi-with-c-inputs-and-outputs","publish","post","attachment-parent","https://daninacan.com/wp-content/uploads/2025/06/workspace.jpg","by-post\published\how-to-use-pulumi-with-c-inputs-and-outputs\2025\06\workspace.jpg"
"how-to-use-pulumi-with-c-inputs-and-outputs","publish","post","attachment-generated-size","https://daninacan.com/wp-content/uploads/2025/07/logstream-1024x496.jpg","by-post\published\how-to-use-pulumi-with-c-inputs-and-outputs\2025\07\logstream-1024x496.jpg"
"how-to-use-pulumi-with-c-inputs-and-outputs","publish","post","attachment-generated-size","https://daninacan.com/wp-content/uploads/2025/07/logstream-150x150.jpg","by-post\published\how-to-use-pulumi-with-c-inputs-and-outputs\2025\07\logstream-150x150.jpg"
"how-to-use-pulumi-with-c-inputs-and-outputs","publish","post","attachment-generated-size","https://daninacan.com/wp-content/uploads/2025/07/logstream-1536x744.jpg","by-post\published\how-to-use-pulumi-with-c-inputs-and-outputs\2025\07\logstream-1536x744.jpg"
"how-to-use-pulumi-with-c-inputs-and-outputs","publish","post","attachment-generated-size","https://daninacan.com/wp-content/uploads/2025/07/logstream-300x145.jpg","by-post\published\how-to-use-pulumi-with-c-inputs-and-outputs\2025\07\logstream-300x145.jpg"
"how-to-use-pulumi-with-c-inputs-and-outputs","publish","post","attachment-generated-size","https://daninacan.com/wp-content/uploads/2025/07/logstream-768x372.jpg","by-post\published\how-to-use-pulumi-with-c-inputs-and-outputs\2025\07\logstream-768x372.jpg"
"how-to-use-pulumi-with-c-inputs-and-outputs","publish","post","attachment-parent","https://daninacan.com/wp-content/uploads/2025/07/logstream.jpg","by-post\published\how-to-use-pulumi-with-c-inputs-and-outputs\2025\07\logstream.jpg"
"how-to-use-pulumi-with-c-our-first-project","publish","post","attachment-generated-size","https://daninacan.com/wp-content/uploads/2025/04/azurergsa_new-1024x419.jpg","by-post\published\how-to-use-pulumi-with-c-our-first-project\2025\04\azurergsa_new-1024x419.jpg"
"how-to-use-pulumi-with-c-our-first-project","publish","post","attachment-generated-size","https://daninacan.com/wp-content/uploads/2025/04/azurergsa_new-150x150.jpg","by-post\published\how-to-use-pulumi-with-c-our-first-project\2025\04\azurergsa_new-150x150.jpg"
"how-to-use-pulumi-with-c-our-first-project","publish","post","attachment-generated-size","https://daninacan.com/wp-content/uploads/2025/04/azurergsa_new-300x123.jpg","by-post\published\how-to-use-pulumi-with-c-our-first-project\2025\04\azurergsa_new-300x123.jpg"
"how-to-use-pulumi-with-c-our-first-project","publish","post","attachment-generated-size","https://daninacan.com/wp-content/uploads/2025/04/azurergsa_new-768x315.jpg","by-post\published\how-to-use-pulumi-with-c-our-first-project\2025\04\azurergsa_new-768x315.jpg"
"how-to-use-pulumi-with-c-our-first-project","publish","post","attachment-parent","https://daninacan.com/wp-content/uploads/2025/04/azurergsa_new.jpg","by-post\published\how-to-use-pulumi-with-c-our-first-project\2025\04\azurergsa_new.jpg"
"how-to-use-pulumi-with-c-projects-stacks-config","publish","post","attachment-generated-size","https://daninacan.com/wp-content/uploads/2025/10/azurestacks-150x150.jpg","by-post\published\how-to-use-pulumi-with-c-projects-stacks-config\2025\10\azurestacks-150x150.jpg"
"how-to-use-pulumi-with-c-projects-stacks-config","publish","post","attachment-generated-size","https://daninacan.com/wp-content/uploads/2025/10/azurestacks-290x300.jpg","by-post\published\how-to-use-pulumi-with-c-projects-stacks-config\2025\10\azurestacks-290x300.jpg"
"how-to-use-pulumi-with-c-projects-stacks-config","publish","post","attachment-generated-size","https://daninacan.com/wp-content/uploads/2025/10/azurestacks-768x795.jpg","by-post\published\how-to-use-pulumi-with-c-projects-stacks-config\2025\10\azurestacks-768x795.jpg"
"how-to-use-pulumi-with-c-projects-stacks-config","publish","post","attachment-generated-size","https://daninacan.com/wp-content/uploads/2025/10/azurestacks-989x1024.jpg","by-post\published\how-to-use-pulumi-with-c-projects-stacks-config\2025\10\azurestacks-989x1024.jpg"
"how-to-use-pulumi-with-c-projects-stacks-config","publish","post","attachment-parent","https://daninacan.com/wp-content/uploads/2025/10/azurestacks.jpg","by-post\published\how-to-use-pulumi-with-c-projects-stacks-config\2025\10\azurestacks.jpg"
"how-to-write-contract-tests-in-c-with-pact-provider-state-parameters","publish","post","attachment-generated-size","https://daninacan.com/wp-content/uploads/2025/01/stateparams-150x150.png","by-post\published\how-to-write-contract-tests-in-c-with-pact-provider-state-parameters\2025\01\stateparams-150x150.png"
"how-to-write-contract-tests-in-c-with-pact-provider-state-parameters","publish","post","attachment-generated-size","https://daninacan.com/wp-content/uploads/2025/01/stateparams-300x74.png","by-post\published\how-to-write-contract-tests-in-c-with-pact-provider-state-parameters\2025\01\stateparams-300x74.png"
"how-to-write-contract-tests-in-c-with-pact-provider-state-parameters","publish","post","attachment-generated-size","https://daninacan.com/wp-content/uploads/2025/01/stateparams-768x188.png","by-post\published\how-to-write-contract-tests-in-c-with-pact-provider-state-parameters\2025\01\stateparams-768x188.png"
"how-to-write-contract-tests-in-c-with-pact-provider-state-parameters","publish","post","attachment-parent","https://daninacan.com/wp-content/uploads/2025/01/stateparams.png","by-post\published\how-to-write-contract-tests-in-c-with-pact-provider-state-parameters\2025\01\stateparams.png"
"infrastructure-as-code-iac-what-it-is-and-why-to-use-it","publish","post","attachment-generated-size","https://daninacan.com/wp-content/uploads/2025/03/iac-150x150.jpg","by-post\published\infrastructure-as-code-iac-what-it-is-and-why-to-use-it\2025\03\iac-150x150.jpg"
"infrastructure-as-code-iac-what-it-is-and-why-to-use-it","publish","post","attachment-generated-size","https://daninacan.com/wp-content/uploads/2025/03/iac-200x300.jpg","by-post\published\infrastructure-as-code-iac-what-it-is-and-why-to-use-it\2025\03\iac-200x300.jpg"
"infrastructure-as-code-iac-what-it-is-and-why-to-use-it","publish","post","attachment-parent","https://daninacan.com/wp-content/uploads/2025/03/iac.jpg","by-post\published\infrastructure-as-code-iac-what-it-is-and-why-to-use-it\2025\03\iac.jpg"
"iowa-net-user-group-how-to-write-contract-tests-in-net-with-pact","publish","post","attachment-generated-size","https://daninacan.com/wp-content/uploads/2024/08/Contract-Testing-pdf-1024x576.jpg","by-post\published\iowa-net-user-group-how-to-write-contract-tests-in-net-with-pact\2024\08\Contract-Testing-pdf-1024x576.jpg"
"iowa-net-user-group-how-to-write-contract-tests-in-net-with-pact","publish","post","attachment-generated-size","https://daninacan.com/wp-content/uploads/2024/08/Contract-Testing-pdf-150x84.jpg","by-post\published\iowa-net-user-group-how-to-write-contract-tests-in-net-with-pact\2024\08\Contract-Testing-pdf-150x84.jpg"
"iowa-net-user-group-how-to-write-contract-tests-in-net-with-pact","publish","post","attachment-generated-size","https://daninacan.com/wp-content/uploads/2024/08/Contract-Testing-pdf-300x169.jpg","by-post\published\iowa-net-user-group-how-to-write-contract-tests-in-net-with-pact\2024\08\Contract-Testing-pdf-300x169.jpg"
"iowa-net-user-group-how-to-write-contract-tests-in-net-with-pact","publish","post","attachment-generated-size","https://daninacan.com/wp-content/uploads/2024/08/Contract-Testing-pdf.jpg","by-post\published\iowa-net-user-group-how-to-write-contract-tests-in-net-with-pact\2024\08\Contract-Testing-pdf.jpg"
"iowa-net-user-group-how-to-write-contract-tests-in-net-with-pact","publish","post","attachment-parent","https://daninacan.com/wp-content/uploads/2024/08/Contract-Testing.pdf","by-post\published\iowa-net-user-group-how-to-write-contract-tests-in-net-with-pact\2024\08\Contract-Testing.pdf"
"iowa-net-user-group-how-to-write-contract-tests-in-net-with-pact","publish","post","attachment-parent","https://daninacan.com/wp-content/uploads/2024/08/Contract-Testing.pptx","by-post\published\iowa-net-user-group-how-to-write-contract-tests-in-net-with-pact\2024\08\Contract-Testing.pptx"
"jetbrains-net-day-online-23-xunit-expanded-better-testing-with-xunit","publish","post","attachment-generated-size","https://daninacan.com/wp-content/uploads/2023/09/xUnit-Expanded-pdf-1024x576.jpg","by-post\published\jetbrains-net-day-online-23-xunit-expanded-better-testing-with-xunit\2023\09\xUnit-Expanded-pdf-1024x576.jpg"
"jetbrains-net-day-online-23-xunit-expanded-better-testing-with-xunit","publish","post","attachment-generated-size","https://daninacan.com/wp-content/uploads/2023/09/xUnit-Expanded-pdf-150x84.jpg","by-post\published\jetbrains-net-day-online-23-xunit-expanded-better-testing-with-xunit\2023\09\xUnit-Expanded-pdf-150x84.jpg"
"jetbrains-net-day-online-23-xunit-expanded-better-testing-with-xunit","publish","post","attachment-generated-size","https://daninacan.com/wp-content/uploads/2023/09/xUnit-Expanded-pdf-300x169.jpg","by-post\published\jetbrains-net-day-online-23-xunit-expanded-better-testing-with-xunit\2023\09\xUnit-Expanded-pdf-300x169.jpg"
"jetbrains-net-day-online-23-xunit-expanded-better-testing-with-xunit","publish","post","attachment-generated-size","https://daninacan.com/wp-content/uploads/2023/09/xUnit-Expanded-pdf.jpg","by-post\published\jetbrains-net-day-online-23-xunit-expanded-better-testing-with-xunit\2023\09\xUnit-Expanded-pdf.jpg"
"jetbrains-net-day-online-23-xunit-expanded-better-testing-with-xunit","publish","post","attachment-parent","https://daninacan.com/wp-content/uploads/2023/09/xUnit-Expanded.pdf","by-post\published\jetbrains-net-day-online-23-xunit-expanded-better-testing-with-xunit\2023\09\xUnit-Expanded.pdf"
"jetbrains-net-days-online-2024-no-more-sqlite-how-to-write-tests-with-ef-core-using-testcontainers","publish","post","attachment-generated-size","https://daninacan.com/wp-content/uploads/2024/09/Testcontainers-Talk-1-pdf-1024x576.jpg","by-post\published\jetbrains-net-days-online-2024-no-more-sqlite-how-to-write-tests-with-ef-core-using-testcontainers\2024\09\Testcontainers-Talk-1-pdf-1024x576.jpg"
"jetbrains-net-days-online-2024-no-more-sqlite-how-to-write-tests-with-ef-core-using-testcontainers","publish","post","attachment-generated-size","https://daninacan.com/wp-content/uploads/2024/09/Testcontainers-Talk-1-pdf-150x84.jpg","by-post\published\jetbrains-net-days-online-2024-no-more-sqlite-how-to-write-tests-with-ef-core-using-testcontainers\2024\09\Testcontainers-Talk-1-pdf-150x84.jpg"
"jetbrains-net-days-online-2024-no-more-sqlite-how-to-write-tests-with-ef-core-using-testcontainers","publish","post","attachment-generated-size","https://daninacan.com/wp-content/uploads/2024/09/Testcontainers-Talk-1-pdf-300x169.jpg","by-post\published\jetbrains-net-days-online-2024-no-more-sqlite-how-to-write-tests-with-ef-core-using-testcontainers\2024\09\Testcontainers-Talk-1-pdf-300x169.jpg"
"jetbrains-net-days-online-2024-no-more-sqlite-how-to-write-tests-with-ef-core-using-testcontainers","publish","post","attachment-generated-size","https://daninacan.com/wp-content/uploads/2024/09/Testcontainers-Talk-1-pdf.jpg","by-post\published\jetbrains-net-days-online-2024-no-more-sqlite-how-to-write-tests-with-ef-core-using-testcontainers\2024\09\Testcontainers-Talk-1-pdf.jpg"
"jetbrains-net-days-online-2024-no-more-sqlite-how-to-write-tests-with-ef-core-using-testcontainers","publish","post","attachment-parent","https://daninacan.com/wp-content/uploads/2024/09/Testcontainers-Talk-1.pdf","by-post\published\jetbrains-net-days-online-2024-no-more-sqlite-how-to-write-tests-with-ef-core-using-testcontainers\2024\09\Testcontainers-Talk-1.pdf"
"lean-techniques-getting-started-with-ai-for-net-developers","publish","post","attachment-generated-size","https://daninacan.com/wp-content/uploads/2025/08/Semantic-Kernel-Presentation-LT-pdf-1024x576.jpg","by-post\published\lean-techniques-getting-started-with-ai-for-net-developers\2025\08\Semantic-Kernel-Presentation-LT-pdf-1024x576.jpg"
"lean-techniques-getting-started-with-ai-for-net-developers","publish","post","attachment-generated-size","https://daninacan.com/wp-content/uploads/2025/08/Semantic-Kernel-Presentation-LT-pdf-150x84.jpg","by-post\published\lean-techniques-getting-started-with-ai-for-net-developers\2025\08\Semantic-Kernel-Presentation-LT-pdf-150x84.jpg"
"lean-techniques-getting-started-with-ai-for-net-developers","publish","post","attachment-generated-size","https://daninacan.com/wp-content/uploads/2025/08/Semantic-Kernel-Presentation-LT-pdf-300x169.jpg","by-post\published\lean-techniques-getting-started-with-ai-for-net-developers\2025\08\Semantic-Kernel-Presentation-LT-pdf-300x169.jpg"
"lean-techniques-getting-started-with-ai-for-net-developers","publish","post","attachment-generated-size","https://daninacan.com/wp-content/uploads/2025/08/Semantic-Kernel-Presentation-LT-pdf.jpg","by-post\published\lean-techniques-getting-started-with-ai-for-net-developers\2025\08\Semantic-Kernel-Presentation-LT-pdf.jpg"
"lean-techniques-getting-started-with-ai-for-net-developers","publish","post","attachment-parent","https://daninacan.com/wp-content/uploads/2025/08/Semantic-Kernel-Presentation-LT.pdf","by-post\published\lean-techniques-getting-started-with-ai-for-net-developers\2025\08\Semantic-Kernel-Presentation-LT.pdf"
"memphis-agentcamp-2026-put-an-agent-inside-your-app-in-10-minutes-or-less-with-the-github-copilot-sdk","publish","post","attachment-generated-size","https://daninacan.com/wp-content/uploads/2026/03/Put-An-Agent-Inside-Your-App-Copilot-SDK-Memphis-pdf-1024x576.jpg","by-post\published\memphis-agentcamp-2026-put-an-agent-inside-your-app-in-10-minutes-or-less-with-the-github-copilot-sdk\2026\03\Put-An-Agent-Inside-Your-App-Copilot-SDK-Memphis-pdf-1024x576.jpg"
"memphis-agentcamp-2026-put-an-agent-inside-your-app-in-10-minutes-or-less-with-the-github-copilot-sdk","publish","post","attachment-generated-size","https://daninacan.com/wp-content/uploads/2026/03/Put-An-Agent-Inside-Your-App-Copilot-SDK-Memphis-pdf-150x84.jpg","by-post\published\memphis-agentcamp-2026-put-an-agent-inside-your-app-in-10-minutes-or-less-with-the-github-copilot-sdk\2026\03\Put-An-Agent-Inside-Your-App-Copilot-SDK-Memphis-pdf-150x84.jpg"
"memphis-agentcamp-2026-put-an-agent-inside-your-app-in-10-minutes-or-less-with-the-github-copilot-sdk","publish","post","attachment-generated-size","https://daninacan.com/wp-content/uploads/2026/03/Put-An-Agent-Inside-Your-App-Copilot-SDK-Memphis-pdf-300x169.jpg","by-post\published\memphis-agentcamp-2026-put-an-agent-inside-your-app-in-10-minutes-or-less-with-the-github-copilot-sdk\2026\03\Put-An-Agent-Inside-Your-App-Copilot-SDK-Memphis-pdf-300x169.jpg"
"memphis-agentcamp-2026-put-an-agent-inside-your-app-in-10-minutes-or-less-with-the-github-copilot-sdk","publish","post","attachment-generated-size","https://daninacan.com/wp-content/uploads/2026/03/Put-An-Agent-Inside-Your-App-Copilot-SDK-Memphis-pdf.jpg","by-post\published\memphis-agentcamp-2026-put-an-agent-inside-your-app-in-10-minutes-or-less-with-the-github-copilot-sdk\2026\03\Put-An-Agent-Inside-Your-App-Copilot-SDK-Memphis-pdf.jpg"
"memphis-agentcamp-2026-put-an-agent-inside-your-app-in-10-minutes-or-less-with-the-github-copilot-sdk","publish","post","attachment-parent","https://daninacan.com/wp-content/uploads/2026/03/Put-An-Agent-Inside-Your-App-Copilot-SDK-Memphis.pdf","by-post\published\memphis-agentcamp-2026-put-an-agent-inside-your-app-in-10-minutes-or-less-with-the-github-copilot-sdk\2026\03\Put-An-Agent-Inside-Your-App-Copilot-SDK-Memphis.pdf"
"memphis-global-ai-community-bootcamp-getting-started-with-ai-for-net-devs-with-semantic-kernel","publish","post","attachment-generated-size","https://daninacan.com/wp-content/uploads/2025/04/Semantic-Kernel-Presentation-pdf-1024x576.jpg","by-post\published\memphis-global-ai-community-bootcamp-getting-started-with-ai-for-net-devs-with-semantic-kernel\2025\04\Semantic-Kernel-Presentation-pdf-1024x576.jpg"
"memphis-global-ai-community-bootcamp-getting-started-with-ai-for-net-devs-with-semantic-kernel","publish","post","attachment-generated-size","https://daninacan.com/wp-content/uploads/2025/04/Semantic-Kernel-Presentation-pdf-150x84.jpg","by-post\published\memphis-global-ai-community-bootcamp-getting-started-with-ai-for-net-devs-with-semantic-kernel\2025\04\Semantic-Kernel-Presentation-pdf-150x84.jpg"
"memphis-global-ai-community-bootcamp-getting-started-with-ai-for-net-devs-with-semantic-kernel","publish","post","attachment-generated-size","https://daninacan.com/wp-content/uploads/2025/04/Semantic-Kernel-Presentation-pdf-300x169.jpg","by-post\published\memphis-global-ai-community-bootcamp-getting-started-with-ai-for-net-devs-with-semantic-kernel\2025\04\Semantic-Kernel-Presentation-pdf-300x169.jpg"
"memphis-global-ai-community-bootcamp-getting-started-with-ai-for-net-devs-with-semantic-kernel","publish","post","attachment-generated-size","https://daninacan.com/wp-content/uploads/2025/04/Semantic-Kernel-Presentation-pdf.jpg","by-post\published\memphis-global-ai-community-bootcamp-getting-started-with-ai-for-net-devs-with-semantic-kernel\2025\04\Semantic-Kernel-Presentation-pdf.jpg"
"memphis-global-ai-community-bootcamp-getting-started-with-ai-for-net-devs-with-semantic-kernel","publish","post","attachment-parent","https://daninacan.com/wp-content/uploads/2025/04/Semantic-Kernel-Presentation.pdf","by-post\published\memphis-global-ai-community-bootcamp-getting-started-with-ai-for-net-devs-with-semantic-kernel\2025\04\Semantic-Kernel-Presentation.pdf"
"more-human-than-human-put-an-agent-inside-your-app-with-the-github-copilot-sdk","publish","post","attachment-generated-size","https://daninacan.com/wp-content/uploads/2026/02/Put-An-Agent-Inside-Your-App-Copilot-SDK-MHTH-pdf-1024x576.jpg","by-post\published\more-human-than-human-put-an-agent-inside-your-app-with-the-github-copilot-sdk\2026\02\Put-An-Agent-Inside-Your-App-Copilot-SDK-MHTH-pdf-1024x576.jpg"
"more-human-than-human-put-an-agent-inside-your-app-with-the-github-copilot-sdk","publish","post","attachment-generated-size","https://daninacan.com/wp-content/uploads/2026/02/Put-An-Agent-Inside-Your-App-Copilot-SDK-MHTH-pdf-150x84.jpg","by-post\published\more-human-than-human-put-an-agent-inside-your-app-with-the-github-copilot-sdk\2026\02\Put-An-Agent-Inside-Your-App-Copilot-SDK-MHTH-pdf-150x84.jpg"
"more-human-than-human-put-an-agent-inside-your-app-with-the-github-copilot-sdk","publish","post","attachment-generated-size","https://daninacan.com/wp-content/uploads/2026/02/Put-An-Agent-Inside-Your-App-Copilot-SDK-MHTH-pdf-300x169.jpg","by-post\published\more-human-than-human-put-an-agent-inside-your-app-with-the-github-copilot-sdk\2026\02\Put-An-Agent-Inside-Your-App-Copilot-SDK-MHTH-pdf-300x169.jpg"
"more-human-than-human-put-an-agent-inside-your-app-with-the-github-copilot-sdk","publish","post","attachment-generated-size","https://daninacan.com/wp-content/uploads/2026/02/Put-An-Agent-Inside-Your-App-Copilot-SDK-MHTH-pdf.jpg","by-post\published\more-human-than-human-put-an-agent-inside-your-app-with-the-github-copilot-sdk\2026\02\Put-An-Agent-Inside-Your-App-Copilot-SDK-MHTH-pdf.jpg"
"more-human-than-human-put-an-agent-inside-your-app-with-the-github-copilot-sdk","publish","post","attachment-parent","https://daninacan.com/wp-content/uploads/2026/02/Put-An-Agent-Inside-Your-App-Copilot-SDK-MHTH.pdf","by-post\published\more-human-than-human-put-an-agent-inside-your-app-with-the-github-copilot-sdk\2026\02\Put-An-Agent-Inside-Your-App-Copilot-SDK-MHTH.pdf"
"ndc-copenhagen-2026-put-an-agent-inside-your-app-in-10-minutes-or-less-with-the-github-copilot-sdk","publish","post","attachment-generated-size","https://daninacan.com/wp-content/uploads/2026/06/Put-An-Agent-Inside-Your-App-Copilot-SDK-NDC-Copenhagen-pdf-1024x576.jpg","by-post\published\ndc-copenhagen-2026-put-an-agent-inside-your-app-in-10-minutes-or-less-with-the-github-copilot-sdk\2026\06\Put-An-Agent-Inside-Your-App-Copilot-SDK-NDC-Copenhagen-pdf-1024x576.jpg"
"ndc-copenhagen-2026-put-an-agent-inside-your-app-in-10-minutes-or-less-with-the-github-copilot-sdk","publish","post","attachment-generated-size","https://daninacan.com/wp-content/uploads/2026/06/Put-An-Agent-Inside-Your-App-Copilot-SDK-NDC-Copenhagen-pdf-150x84.jpg","by-post\published\ndc-copenhagen-2026-put-an-agent-inside-your-app-in-10-minutes-or-less-with-the-github-copilot-sdk\2026\06\Put-An-Agent-Inside-Your-App-Copilot-SDK-NDC-Copenhagen-pdf-150x84.jpg"
"ndc-copenhagen-2026-put-an-agent-inside-your-app-in-10-minutes-or-less-with-the-github-copilot-sdk","publish","post","attachment-generated-size","https://daninacan.com/wp-content/uploads/2026/06/Put-An-Agent-Inside-Your-App-Copilot-SDK-NDC-Copenhagen-pdf-300x169.jpg","by-post\published\ndc-copenhagen-2026-put-an-agent-inside-your-app-in-10-minutes-or-less-with-the-github-copilot-sdk\2026\06\Put-An-Agent-Inside-Your-App-Copilot-SDK-NDC-Copenhagen-pdf-300x169.jpg"
"ndc-copenhagen-2026-put-an-agent-inside-your-app-in-10-minutes-or-less-with-the-github-copilot-sdk","publish","post","attachment-generated-size","https://daninacan.com/wp-content/uploads/2026/06/Put-An-Agent-Inside-Your-App-Copilot-SDK-NDC-Copenhagen-pdf.jpg","by-post\published\ndc-copenhagen-2026-put-an-agent-inside-your-app-in-10-minutes-or-less-with-the-github-copilot-sdk\2026\06\Put-An-Agent-Inside-Your-App-Copilot-SDK-NDC-Copenhagen-pdf.jpg"
"ndc-copenhagen-2026-put-an-agent-inside-your-app-in-10-minutes-or-less-with-the-github-copilot-sdk","publish","post","attachment-parent","https://daninacan.com/wp-content/uploads/2026/06/Put-An-Agent-Inside-Your-App-Copilot-SDK-NDC-Copenhagen.pdf","by-post\published\ndc-copenhagen-2026-put-an-agent-inside-your-app-in-10-minutes-or-less-with-the-github-copilot-sdk\2026\06\Put-An-Agent-Inside-Your-App-Copilot-SDK-NDC-Copenhagen.pdf"
"ndc-oslo-2024-no-more-sqlite-how-to-write-tests-with-ef-core-using-testcontainers","publish","post","attachment-generated-size","https://daninacan.com/wp-content/uploads/2024/06/TestContainers-Presentation-pdf-1024x576.jpg","by-post\published\ndc-oslo-2024-no-more-sqlite-how-to-write-tests-with-ef-core-using-testcontainers\2024\06\TestContainers-Presentation-pdf-1024x576.jpg"
"ndc-oslo-2024-no-more-sqlite-how-to-write-tests-with-ef-core-using-testcontainers","publish","post","attachment-generated-size","https://daninacan.com/wp-content/uploads/2024/06/TestContainers-Presentation-pdf-150x84.jpg","by-post\published\ndc-oslo-2024-no-more-sqlite-how-to-write-tests-with-ef-core-using-testcontainers\2024\06\TestContainers-Presentation-pdf-150x84.jpg"
"ndc-oslo-2024-no-more-sqlite-how-to-write-tests-with-ef-core-using-testcontainers","publish","post","attachment-generated-size","https://daninacan.com/wp-content/uploads/2024/06/TestContainers-Presentation-pdf-300x169.jpg","by-post\published\ndc-oslo-2024-no-more-sqlite-how-to-write-tests-with-ef-core-using-testcontainers\2024\06\TestContainers-Presentation-pdf-300x169.jpg"
"ndc-oslo-2024-no-more-sqlite-how-to-write-tests-with-ef-core-using-testcontainers","publish","post","attachment-generated-size","https://daninacan.com/wp-content/uploads/2024/06/TestContainers-Presentation-pdf.jpg","by-post\published\ndc-oslo-2024-no-more-sqlite-how-to-write-tests-with-ef-core-using-testcontainers\2024\06\TestContainers-Presentation-pdf.jpg"
"ndc-oslo-2024-no-more-sqlite-how-to-write-tests-with-ef-core-using-testcontainers","publish","post","attachment-parent","https://daninacan.com/wp-content/uploads/2024/06/TestContainers-Presentation.pdf","by-post\published\ndc-oslo-2024-no-more-sqlite-how-to-write-tests-with-ef-core-using-testcontainers\2024\06\TestContainers-Presentation.pdf"
"ndc-porto-2024-hearing-and-being-heard-getting-the-entire-team-to-speak","publish","post","attachment-generated-size","https://daninacan.com/wp-content/uploads/2024/10/Hearing-and-Being-Heard-Full-pdf-1024x576.jpg","by-post\published\ndc-porto-2024-hearing-and-being-heard-getting-the-entire-team-to-speak\2024\10\Hearing-and-Being-Heard-Full-pdf-1024x576.jpg"
"ndc-porto-2024-hearing-and-being-heard-getting-the-entire-team-to-speak","publish","post","attachment-generated-size","https://daninacan.com/wp-content/uploads/2024/10/Hearing-and-Being-Heard-Full-pdf-150x84.jpg","by-post\published\ndc-porto-2024-hearing-and-being-heard-getting-the-entire-team-to-speak\2024\10\Hearing-and-Being-Heard-Full-pdf-150x84.jpg"
"ndc-porto-2024-hearing-and-being-heard-getting-the-entire-team-to-speak","publish","post","attachment-generated-size","https://daninacan.com/wp-content/uploads/2024/10/Hearing-and-Being-Heard-Full-pdf-300x169.jpg","by-post\published\ndc-porto-2024-hearing-and-being-heard-getting-the-entire-team-to-speak\2024\10\Hearing-and-Being-Heard-Full-pdf-300x169.jpg"
"ndc-porto-2024-hearing-and-being-heard-getting-the-entire-team-to-speak","publish","post","attachment-generated-size","https://daninacan.com/wp-content/uploads/2024/10/Hearing-and-Being-Heard-Full-pdf.jpg","by-post\published\ndc-porto-2024-hearing-and-being-heard-getting-the-entire-team-to-speak\2024\10\Hearing-and-Being-Heard-Full-pdf.jpg"
"ndc-porto-2024-hearing-and-being-heard-getting-the-entire-team-to-speak","publish","post","attachment-parent","https://daninacan.com/wp-content/uploads/2024/10/Hearing-and-Being-Heard-Full.pdf","by-post\published\ndc-porto-2024-hearing-and-being-heard-getting-the-entire-team-to-speak\2024\10\Hearing-and-Being-Heard-Full.pdf"
"nebraska-code-2025-how-to-test-between-microservices-using-contract-testing","publish","post","attachment-generated-size","https://daninacan.com/wp-content/uploads/2025/08/Contract-Testing-Nebraska-Code-2025-pdf-1024x576.jpg","by-post\published\nebraska-code-2025-how-to-test-between-microservices-using-contract-testing\2025\08\Contract-Testing-Nebraska-Code-2025-pdf-1024x576.jpg"
"nebraska-code-2025-how-to-test-between-microservices-using-contract-testing","publish","post","attachment-generated-size","https://daninacan.com/wp-content/uploads/2025/08/Contract-Testing-Nebraska-Code-2025-pdf-150x84.jpg","by-post\published\nebraska-code-2025-how-to-test-between-microservices-using-contract-testing\2025\08\Contract-Testing-Nebraska-Code-2025-pdf-150x84.jpg"
"nebraska-code-2025-how-to-test-between-microservices-using-contract-testing","publish","post","attachment-generated-size","https://daninacan.com/wp-content/uploads/2025/08/Contract-Testing-Nebraska-Code-2025-pdf-300x169.jpg","by-post\published\nebraska-code-2025-how-to-test-between-microservices-using-contract-testing\2025\08\Contract-Testing-Nebraska-Code-2025-pdf-300x169.jpg"
"nebraska-code-2025-how-to-test-between-microservices-using-contract-testing","publish","post","attachment-generated-size","https://daninacan.com/wp-content/uploads/2025/08/Contract-Testing-Nebraska-Code-2025-pdf.jpg","by-post\published\nebraska-code-2025-how-to-test-between-microservices-using-contract-testing\2025\08\Contract-Testing-Nebraska-Code-2025-pdf.jpg"
"nebraska-code-2025-how-to-test-between-microservices-using-contract-testing","publish","post","attachment-parent","https://daninacan.com/wp-content/uploads/2025/08/Contract-Testing-Nebraska-Code-2025.pdf","by-post\published\nebraska-code-2025-how-to-test-between-microservices-using-contract-testing\2025\08\Contract-Testing-Nebraska-Code-2025.pdf"
"net-virtual-user-group-mutation-testing-in-c-with-stryker","publish","post","attachment-generated-size","https://daninacan.com/wp-content/uploads/2025/01/Mutation-Testing-Presentation-pdf-1024x576.jpg","by-post\published\net-virtual-user-group-mutation-testing-in-c-with-stryker\2025\01\Mutation-Testing-Presentation-pdf-1024x576.jpg"
"net-virtual-user-group-mutation-testing-in-c-with-stryker","publish","post","attachment-generated-size","https://daninacan.com/wp-content/uploads/2025/01/Mutation-Testing-Presentation-pdf-150x84.jpg","by-post\published\net-virtual-user-group-mutation-testing-in-c-with-stryker\2025\01\Mutation-Testing-Presentation-pdf-150x84.jpg"
"net-virtual-user-group-mutation-testing-in-c-with-stryker","publish","post","attachment-generated-size","https://daninacan.com/wp-content/uploads/2025/01/Mutation-Testing-Presentation-pdf-300x169.jpg","by-post\published\net-virtual-user-group-mutation-testing-in-c-with-stryker\2025\01\Mutation-Testing-Presentation-pdf-300x169.jpg"
"net-virtual-user-group-mutation-testing-in-c-with-stryker","publish","post","attachment-generated-size","https://daninacan.com/wp-content/uploads/2025/01/Mutation-Testing-Presentation-pdf.jpg","by-post\published\net-virtual-user-group-mutation-testing-in-c-with-stryker\2025\01\Mutation-Testing-Presentation-pdf.jpg"
"net-virtual-user-group-mutation-testing-in-c-with-stryker","publish","post","attachment-parent","https://daninacan.com/wp-content/uploads/2025/01/Mutation-Testing-Presentation.pdf","by-post\published\net-virtual-user-group-mutation-testing-in-c-with-stryker\2025\01\Mutation-Testing-Presentation.pdf"
"oreilly-software-development-superstream-hearing-and-being-heard-getting-the-entire-team-to-speak","publish","post","attachment-generated-size","https://daninacan.com/wp-content/uploads/2025/06/Hearing-Being-Heard-OReilly-pdf-1024x576.jpg","by-post\published\oreilly-software-development-superstream-hearing-and-being-heard-getting-the-entire-team-to-speak\2025\06\Hearing-Being-Heard-OReilly-pdf-1024x576.jpg"
"oreilly-software-development-superstream-hearing-and-being-heard-getting-the-entire-team-to-speak","publish","post","attachment-generated-size","https://daninacan.com/wp-content/uploads/2025/06/Hearing-Being-Heard-OReilly-pdf-150x84.jpg","by-post\published\oreilly-software-development-superstream-hearing-and-being-heard-getting-the-entire-team-to-speak\2025\06\Hearing-Being-Heard-OReilly-pdf-150x84.jpg"
"oreilly-software-development-superstream-hearing-and-being-heard-getting-the-entire-team-to-speak","publish","post","attachment-generated-size","https://daninacan.com/wp-content/uploads/2025/06/Hearing-Being-Heard-OReilly-pdf-300x169.jpg","by-post\published\oreilly-software-development-superstream-hearing-and-being-heard-getting-the-entire-team-to-speak\2025\06\Hearing-Being-Heard-OReilly-pdf-300x169.jpg"
"oreilly-software-development-superstream-hearing-and-being-heard-getting-the-entire-team-to-speak","publish","post","attachment-generated-size","https://daninacan.com/wp-content/uploads/2025/06/Hearing-Being-Heard-OReilly-pdf.jpg","by-post\published\oreilly-software-development-superstream-hearing-and-being-heard-getting-the-entire-team-to-speak\2025\06\Hearing-Being-Heard-OReilly-pdf.jpg"
"oreilly-software-development-superstream-hearing-and-being-heard-getting-the-entire-team-to-speak","publish","post","attachment-parent","https://daninacan.com/wp-content/uploads/2025/06/Hearing-Being-Heard-OReilly.pdf","by-post\published\oreilly-software-development-superstream-hearing-and-being-heard-getting-the-entire-team-to-speak\2025\06\Hearing-Being-Heard-OReilly.pdf"
"pittsburgh-net-user-group-replace-your-github-action-yaml-with-c-using-nuke","publish","post","attachment-generated-size","https://daninacan.com/wp-content/uploads/2025/04/Nuke-Build-Presentation-pdf-1024x576.jpg","by-post\published\pittsburgh-net-user-group-replace-your-github-action-yaml-with-c-using-nuke\2025\04\Nuke-Build-Presentation-pdf-1024x576.jpg"
"pittsburgh-net-user-group-replace-your-github-action-yaml-with-c-using-nuke","publish","post","attachment-generated-size","https://daninacan.com/wp-content/uploads/2025/04/Nuke-Build-Presentation-pdf-150x84.jpg","by-post\published\pittsburgh-net-user-group-replace-your-github-action-yaml-with-c-using-nuke\2025\04\Nuke-Build-Presentation-pdf-150x84.jpg"
"pittsburgh-net-user-group-replace-your-github-action-yaml-with-c-using-nuke","publish","post","attachment-generated-size","https://daninacan.com/wp-content/uploads/2025/04/Nuke-Build-Presentation-pdf-300x169.jpg","by-post\published\pittsburgh-net-user-group-replace-your-github-action-yaml-with-c-using-nuke\2025\04\Nuke-Build-Presentation-pdf-300x169.jpg"
"pittsburgh-net-user-group-replace-your-github-action-yaml-with-c-using-nuke","publish","post","attachment-generated-size","https://daninacan.com/wp-content/uploads/2025/04/Nuke-Build-Presentation-pdf.jpg","by-post\published\pittsburgh-net-user-group-replace-your-github-action-yaml-with-c-using-nuke\2025\04\Nuke-Build-Presentation-pdf.jpg"
"pittsburgh-net-user-group-replace-your-github-action-yaml-with-c-using-nuke","publish","post","attachment-parent","https://daninacan.com/wp-content/uploads/2025/04/Nuke-Build-Presentation.pdf","by-post\published\pittsburgh-net-user-group-replace-your-github-action-yaml-with-c-using-nuke\2025\04\Nuke-Build-Presentation.pdf"
"san-antonio-austin-net-user-group-analyzers-more-for-quality-by-default","publish","post","attachment-generated-size","https://daninacan.com/wp-content/uploads/2026/08/Dont-Make-Me-Repeat-Myself-pdf-1024x576.jpg","by-post\published\san-antonio-austin-net-user-group-analyzers-more-for-quality-by-default\2026\08\Dont-Make-Me-Repeat-Myself-pdf-1024x576.jpg"
"san-antonio-austin-net-user-group-analyzers-more-for-quality-by-default","publish","post","attachment-generated-size","https://daninacan.com/wp-content/uploads/2026/08/Dont-Make-Me-Repeat-Myself-pdf-150x84.jpg","by-post\published\san-antonio-austin-net-user-group-analyzers-more-for-quality-by-default\2026\08\Dont-Make-Me-Repeat-Myself-pdf-150x84.jpg"
"san-antonio-austin-net-user-group-analyzers-more-for-quality-by-default","publish","post","attachment-generated-size","https://daninacan.com/wp-content/uploads/2026/08/Dont-Make-Me-Repeat-Myself-pdf-300x169.jpg","by-post\published\san-antonio-austin-net-user-group-analyzers-more-for-quality-by-default\2026\08\Dont-Make-Me-Repeat-Myself-pdf-300x169.jpg"
"san-antonio-austin-net-user-group-analyzers-more-for-quality-by-default","publish","post","attachment-generated-size","https://daninacan.com/wp-content/uploads/2026/08/Dont-Make-Me-Repeat-Myself-pdf.jpg","by-post\published\san-antonio-austin-net-user-group-analyzers-more-for-quality-by-default\2026\08\Dont-Make-Me-Repeat-Myself-pdf.jpg"
"san-antonio-austin-net-user-group-analyzers-more-for-quality-by-default","publish","post","attachment-parent","https://daninacan.com/wp-content/uploads/2026/08/Dont-Make-Me-Repeat-Myself.pdf","by-post\published\san-antonio-austin-net-user-group-analyzers-more-for-quality-by-default\2026\08\Dont-Make-Me-Repeat-Myself.pdf"
"san-antonio-austin-net-user-group-getting-started-with-ai-for-net-devs-with-semantic-kernel","publish","post","attachment-generated-size","https://daninacan.com/wp-content/uploads/2025/09/Semantic-Kernel-Presentation-pdf-1024x576.jpg","by-post\published\san-antonio-austin-net-user-group-getting-started-with-ai-for-net-devs-with-semantic-kernel\2025\09\Semantic-Kernel-Presentation-pdf-1024x576.jpg"
"san-antonio-austin-net-user-group-getting-started-with-ai-for-net-devs-with-semantic-kernel","publish","post","attachment-generated-size","https://daninacan.com/wp-content/uploads/2025/09/Semantic-Kernel-Presentation-pdf-150x84.jpg","by-post\published\san-antonio-austin-net-user-group-getting-started-with-ai-for-net-devs-with-semantic-kernel\2025\09\Semantic-Kernel-Presentation-pdf-150x84.jpg"
"san-antonio-austin-net-user-group-getting-started-with-ai-for-net-devs-with-semantic-kernel","publish","post","attachment-generated-size","https://daninacan.com/wp-content/uploads/2025/09/Semantic-Kernel-Presentation-pdf-300x169.jpg","by-post\published\san-antonio-austin-net-user-group-getting-started-with-ai-for-net-devs-with-semantic-kernel\2025\09\Semantic-Kernel-Presentation-pdf-300x169.jpg"
"san-antonio-austin-net-user-group-getting-started-with-ai-for-net-devs-with-semantic-kernel","publish","post","attachment-generated-size","https://daninacan.com/wp-content/uploads/2025/09/Semantic-Kernel-Presentation-pdf.jpg","by-post\published\san-antonio-austin-net-user-group-getting-started-with-ai-for-net-devs-with-semantic-kernel\2025\09\Semantic-Kernel-Presentation-pdf.jpg"
"san-antonio-austin-net-user-group-getting-started-with-ai-for-net-devs-with-semantic-kernel","publish","post","attachment-parent","https://daninacan.com/wp-content/uploads/2025/09/Semantic-Kernel-Presentation.pdf","by-post\published\san-antonio-austin-net-user-group-getting-started-with-ai-for-net-devs-with-semantic-kernel\2025\09\Semantic-Kernel-Presentation.pdf"
"san-antonio-net-user-group-net-conf-2025-san-antonio-presentation","publish","post","attachment-generated-size","https://daninacan.com/wp-content/uploads/2026/01/SA-NET-Conf-10-pdf-1024x576.jpg","by-post\published\san-antonio-net-user-group-net-conf-2025-san-antonio-presentation\2026\01\SA-NET-Conf-10-pdf-1024x576.jpg"
"san-antonio-net-user-group-net-conf-2025-san-antonio-presentation","publish","post","attachment-generated-size","https://daninacan.com/wp-content/uploads/2026/01/SA-NET-Conf-10-pdf-150x84.jpg","by-post\published\san-antonio-net-user-group-net-conf-2025-san-antonio-presentation\2026\01\SA-NET-Conf-10-pdf-150x84.jpg"
"san-antonio-net-user-group-net-conf-2025-san-antonio-presentation","publish","post","attachment-generated-size","https://daninacan.com/wp-content/uploads/2026/01/SA-NET-Conf-10-pdf-300x169.jpg","by-post\published\san-antonio-net-user-group-net-conf-2025-san-antonio-presentation\2026\01\SA-NET-Conf-10-pdf-300x169.jpg"
"san-antonio-net-user-group-net-conf-2025-san-antonio-presentation","publish","post","attachment-generated-size","https://daninacan.com/wp-content/uploads/2026/01/SA-NET-Conf-10-pdf.jpg","by-post\published\san-antonio-net-user-group-net-conf-2025-san-antonio-presentation\2026\01\SA-NET-Conf-10-pdf.jpg"
"san-antonio-net-user-group-net-conf-2025-san-antonio-presentation","publish","post","attachment-parent","https://daninacan.com/wp-content/uploads/2026/01/SA-NET-Conf-10.pdf","by-post\published\san-antonio-net-user-group-net-conf-2025-san-antonio-presentation\2026\01\SA-NET-Conf-10.pdf"
"san-antonio-net-user-group-net-conf-san-antonio-presentation","publish","post","attachment-generated-size","https://daninacan.com/wp-content/uploads/2025/01/NET-Conf-San-Antonio-pdf-1024x576.jpg","by-post\published\san-antonio-net-user-group-net-conf-san-antonio-presentation\2025\01\NET-Conf-San-Antonio-pdf-1024x576.jpg"
"san-antonio-net-user-group-net-conf-san-antonio-presentation","publish","post","attachment-generated-size","https://daninacan.com/wp-content/uploads/2025/01/NET-Conf-San-Antonio-pdf-150x84.jpg","by-post\published\san-antonio-net-user-group-net-conf-san-antonio-presentation\2025\01\NET-Conf-San-Antonio-pdf-150x84.jpg"
"san-antonio-net-user-group-net-conf-san-antonio-presentation","publish","post","attachment-generated-size","https://daninacan.com/wp-content/uploads/2025/01/NET-Conf-San-Antonio-pdf-300x169.jpg","by-post\published\san-antonio-net-user-group-net-conf-san-antonio-presentation\2025\01\NET-Conf-San-Antonio-pdf-300x169.jpg"
"san-antonio-net-user-group-net-conf-san-antonio-presentation","publish","post","attachment-generated-size","https://daninacan.com/wp-content/uploads/2025/01/NET-Conf-San-Antonio-pdf.jpg","by-post\published\san-antonio-net-user-group-net-conf-san-antonio-presentation\2025\01\NET-Conf-San-Antonio-pdf.jpg"
"san-antonio-net-user-group-net-conf-san-antonio-presentation","publish","post","attachment-parent","https://daninacan.com/wp-content/uploads/2025/01/NET-Conf-San-Antonio.pdf","by-post\published\san-antonio-net-user-group-net-conf-san-antonio-presentation\2025\01\NET-Conf-San-Antonio.pdf"
"san-antonio-net-user-group-terrific-net-testing-tips-tricks","publish","post","attachment-generated-size","https://daninacan.com/wp-content/uploads/2024/01/Terrific-NET-Testing-Tips-and-Tricks-pdf-1024x576.jpg","by-post\published\san-antonio-net-user-group-terrific-net-testing-tips-tricks\2024\01\Terrific-NET-Testing-Tips-and-Tricks-pdf-1024x576.jpg"
"san-antonio-net-user-group-terrific-net-testing-tips-tricks","publish","post","attachment-generated-size","https://daninacan.com/wp-content/uploads/2024/01/Terrific-NET-Testing-Tips-and-Tricks-pdf-150x84.jpg","by-post\published\san-antonio-net-user-group-terrific-net-testing-tips-tricks\2024\01\Terrific-NET-Testing-Tips-and-Tricks-pdf-150x84.jpg"
"san-antonio-net-user-group-terrific-net-testing-tips-tricks","publish","post","attachment-generated-size","https://daninacan.com/wp-content/uploads/2024/01/Terrific-NET-Testing-Tips-and-Tricks-pdf-300x169.jpg","by-post\published\san-antonio-net-user-group-terrific-net-testing-tips-tricks\2024\01\Terrific-NET-Testing-Tips-and-Tricks-pdf-300x169.jpg"
"san-antonio-net-user-group-terrific-net-testing-tips-tricks","publish","post","attachment-generated-size","https://daninacan.com/wp-content/uploads/2024/01/Terrific-NET-Testing-Tips-and-Tricks-pdf.jpg","by-post\published\san-antonio-net-user-group-terrific-net-testing-tips-tricks\2024\01\Terrific-NET-Testing-Tips-and-Tricks-pdf.jpg"
"san-antonio-net-user-group-terrific-net-testing-tips-tricks","publish","post","attachment-parent","https://daninacan.com/wp-content/uploads/2024/01/Terrific-NET-Testing-Tips-and-Tricks.pdf","by-post\published\san-antonio-net-user-group-terrific-net-testing-tips-tricks\2024\01\Terrific-NET-Testing-Tips-and-Tricks.pdf"
"scifidevcon-2024-breaking-the-prime-directive-using-c-for-iac-to-put-net-on-aws","publish","post","attachment-generated-size","https://daninacan.com/wp-content/uploads/2024/05/Breaking-the-Prime-Directive-pdf-1024x576.jpg","by-post\published\scifidevcon-2024-breaking-the-prime-directive-using-c-for-iac-to-put-net-on-aws\2024\05\Breaking-the-Prime-Directive-pdf-1024x576.jpg"
"scifidevcon-2024-breaking-the-prime-directive-using-c-for-iac-to-put-net-on-aws","publish","post","attachment-generated-size","https://daninacan.com/wp-content/uploads/2024/05/Breaking-the-Prime-Directive-pdf-150x84.jpg","by-post\published\scifidevcon-2024-breaking-the-prime-directive-using-c-for-iac-to-put-net-on-aws\2024\05\Breaking-the-Prime-Directive-pdf-150x84.jpg"
"scifidevcon-2024-breaking-the-prime-directive-using-c-for-iac-to-put-net-on-aws","publish","post","attachment-generated-size","https://daninacan.com/wp-content/uploads/2024/05/Breaking-the-Prime-Directive-pdf-300x169.jpg","by-post\published\scifidevcon-2024-breaking-the-prime-directive-using-c-for-iac-to-put-net-on-aws\2024\05\Breaking-the-Prime-Directive-pdf-300x169.jpg"
"scifidevcon-2024-breaking-the-prime-directive-using-c-for-iac-to-put-net-on-aws","publish","post","attachment-generated-size","https://daninacan.com/wp-content/uploads/2024/05/Breaking-the-Prime-Directive-pdf.jpg","by-post\published\scifidevcon-2024-breaking-the-prime-directive-using-c-for-iac-to-put-net-on-aws\2024\05\Breaking-the-Prime-Directive-pdf.jpg"
"scifidevcon-2024-breaking-the-prime-directive-using-c-for-iac-to-put-net-on-aws","publish","post","attachment-parent","https://daninacan.com/wp-content/uploads/2024/05/Breaking-the-Prime-Directive.pdf","by-post\published\scifidevcon-2024-breaking-the-prime-directive-using-c-for-iac-to-put-net-on-aws\2024\05\Breaking-the-Prime-Directive.pdf"
"scifidevcon-2024-breaking-the-prime-directive-using-c-for-iac-to-put-net-on-aws","publish","post","attachment-parent","https://daninacan.com/wp-content/uploads/2024/05/Breaking-the-Prime-Directive.pptx","by-post\published\scifidevcon-2024-breaking-the-prime-directive-using-c-for-iac-to-put-net-on-aws\2024\05\Breaking-the-Prime-Directive.pptx"
"st-marys-business-week-experience-2025-hearing-and-being-heard-unlock-your-teams-hidden-potential","publish","post","attachment-parent","https://daninacan.com/wp-content/uploads/2025/09/Hearing-and-Being-Heard-St-Marys.pptx","by-post\published\st-marys-business-week-experience-2025-hearing-and-being-heard-unlock-your-teams-hidden-potential\2025\09\Hearing-and-Being-Heard-St-Marys.pptx"
"using-resharper-in-cursor-windsurf-kiro-antigravity-more","publish","post","embedded-content","https://daninacan.com/wp-content/uploads/2026/03/kiro-add-package.jpg","by-post\published\using-resharper-in-cursor-windsurf-kiro-antigravity-more\2026\03\kiro-add-package.jpg"
"using-resharper-in-cursor-windsurf-kiro-antigravity-more","publish","post","embedded-content","https://daninacan.com/wp-content/uploads/2026/03/kiro-add-project-templates.jpg","by-post\published\using-resharper-in-cursor-windsurf-kiro-antigravity-more\2026\03\kiro-add-project-templates.jpg"
"using-resharper-in-cursor-windsurf-kiro-antigravity-more","publish","post","embedded-content","https://daninacan.com/wp-content/uploads/2026/03/kiro-add-project.jpg","by-post\published\using-resharper-in-cursor-windsurf-kiro-antigravity-more\2026\03\kiro-add-project.jpg"
"using-resharper-in-cursor-windsurf-kiro-antigravity-more","publish","post","embedded-content","https://daninacan.com/wp-content/uploads/2026/03/kiro-decompile-1.jpg","by-post\published\using-resharper-in-cursor-windsurf-kiro-antigravity-more\2026\03\kiro-decompile-1.jpg"
"using-resharper-in-cursor-windsurf-kiro-antigravity-more","publish","post","embedded-content","https://daninacan.com/wp-content/uploads/2026/03/kiro-decompile-2.jpg","by-post\published\using-resharper-in-cursor-windsurf-kiro-antigravity-more\2026\03\kiro-decompile-2.jpg"
"using-resharper-in-cursor-windsurf-kiro-antigravity-more","publish","post","attachment-generated-size","https://daninacan.com/wp-content/uploads/2026/03/kiro-extension-search-1024x530.jpg","by-post\published\using-resharper-in-cursor-windsurf-kiro-antigravity-more\2026\03\kiro-extension-search-1024x530.jpg"
"using-resharper-in-cursor-windsurf-kiro-antigravity-more","publish","post","attachment-generated-size","https://daninacan.com/wp-content/uploads/2026/03/kiro-extension-search-150x150.jpg","by-post\published\using-resharper-in-cursor-windsurf-kiro-antigravity-more\2026\03\kiro-extension-search-150x150.jpg"
"using-resharper-in-cursor-windsurf-kiro-antigravity-more","publish","post","attachment-generated-size","https://daninacan.com/wp-content/uploads/2026/03/kiro-extension-search-300x155.jpg","by-post\published\using-resharper-in-cursor-windsurf-kiro-antigravity-more\2026\03\kiro-extension-search-300x155.jpg"
"using-resharper-in-cursor-windsurf-kiro-antigravity-more","publish","post","attachment-generated-size","https://daninacan.com/wp-content/uploads/2026/03/kiro-extension-search-768x397.jpg","by-post\published\using-resharper-in-cursor-windsurf-kiro-antigravity-more\2026\03\kiro-extension-search-768x397.jpg"
"using-resharper-in-cursor-windsurf-kiro-antigravity-more","publish","post","attachment-parent","https://daninacan.com/wp-content/uploads/2026/03/kiro-extension-search.jpg","by-post\published\using-resharper-in-cursor-windsurf-kiro-antigravity-more\2026\03\kiro-extension-search.jpg"
"using-resharper-in-cursor-windsurf-kiro-antigravity-more","publish","post","embedded-content","https://daninacan.com/wp-content/uploads/2026/03/kiro-extract-method-2.jpg","by-post\published\using-resharper-in-cursor-windsurf-kiro-antigravity-more\2026\03\kiro-extract-method-2.jpg"
"using-resharper-in-cursor-windsurf-kiro-antigravity-more","publish","post","embedded-content","https://daninacan.com/wp-content/uploads/2026/03/kiro-extract-method.jpg","by-post\published\using-resharper-in-cursor-windsurf-kiro-antigravity-more\2026\03\kiro-extract-method.jpg"
"using-resharper-in-cursor-windsurf-kiro-antigravity-more","publish","post","embedded-content","https://daninacan.com/wp-content/uploads/2026/03/kiro-find-usages.jpg","by-post\published\using-resharper-in-cursor-windsurf-kiro-antigravity-more\2026\03\kiro-find-usages.jpg"
"using-resharper-in-cursor-windsurf-kiro-antigravity-more","publish","post","embedded-content","https://daninacan.com/wp-content/uploads/2026/03/kiro-getting-ready.jpg","by-post\published\using-resharper-in-cursor-windsurf-kiro-antigravity-more\2026\03\kiro-getting-ready.jpg"
"using-resharper-in-cursor-windsurf-kiro-antigravity-more","publish","post","embedded-content","https://daninacan.com/wp-content/uploads/2026/03/kiro-hints.jpg","by-post\published\using-resharper-in-cursor-windsurf-kiro-antigravity-more\2026\03\kiro-hints.jpg"
"using-resharper-in-cursor-windsurf-kiro-antigravity-more","publish","post","embedded-content","https://daninacan.com/wp-content/uploads/2026/03/kiro-introduce-variable-2.jpg","by-post\published\using-resharper-in-cursor-windsurf-kiro-antigravity-more\2026\03\kiro-introduce-variable-2.jpg"
"using-resharper-in-cursor-windsurf-kiro-antigravity-more","publish","post","embedded-content","https://daninacan.com/wp-content/uploads/2026/03/kiro-introduce-variable.jpg","by-post\published\using-resharper-in-cursor-windsurf-kiro-antigravity-more\2026\03\kiro-introduce-variable.jpg"
"using-resharper-in-cursor-windsurf-kiro-antigravity-more","publish","post","embedded-content","https://daninacan.com/wp-content/uploads/2026/03/kiro-package-search.jpg","by-post\published\using-resharper-in-cursor-windsurf-kiro-antigravity-more\2026\03\kiro-package-search.jpg"
"using-resharper-in-cursor-windsurf-kiro-antigravity-more","publish","post","embedded-content","https://daninacan.com/wp-content/uploads/2026/03/kiro-quick-docs.jpg","by-post\published\using-resharper-in-cursor-windsurf-kiro-antigravity-more\2026\03\kiro-quick-docs.jpg"
"using-resharper-in-cursor-windsurf-kiro-antigravity-more","publish","post","embedded-content","https://daninacan.com/wp-content/uploads/2026/03/kiro-rename-symbol.jpg","by-post\published\using-resharper-in-cursor-windsurf-kiro-antigravity-more\2026\03\kiro-rename-symbol.jpg"
"using-resharper-in-cursor-windsurf-kiro-antigravity-more","publish","post","embedded-content","https://daninacan.com/wp-content/uploads/2026/03/kiro-solution-explorer.jpg","by-post\published\using-resharper-in-cursor-windsurf-kiro-antigravity-more\2026\03\kiro-solution-explorer.jpg"
"using-resharper-in-cursor-windsurf-kiro-antigravity-more","publish","post","embedded-content","https://daninacan.com/wp-content/uploads/2026/03/kiro-suggestion-1.jpg","by-post\published\using-resharper-in-cursor-windsurf-kiro-antigravity-more\2026\03\kiro-suggestion-1.jpg"
"using-resharper-in-cursor-windsurf-kiro-antigravity-more","publish","post","embedded-content","https://daninacan.com/wp-content/uploads/2026/03/kiro-suggestion-2.jpg","by-post\published\using-resharper-in-cursor-windsurf-kiro-antigravity-more\2026\03\kiro-suggestion-2.jpg"
"using-resharper-in-cursor-windsurf-kiro-antigravity-more","publish","post","embedded-content","https://daninacan.com/wp-content/uploads/2026/03/kiro-suggestion-3.jpg","by-post\published\using-resharper-in-cursor-windsurf-kiro-antigravity-more\2026\03\kiro-suggestion-3.jpg"
"using-resharper-in-cursor-windsurf-kiro-antigravity-more","publish","post","embedded-content","https://daninacan.com/wp-content/uploads/2026/03/kiro-test-explorer.jpg","by-post\published\using-resharper-in-cursor-windsurf-kiro-antigravity-more\2026\03\kiro-test-explorer.jpg"
"using-resharper-in-cursor-windsurf-kiro-antigravity-more","publish","post","embedded-content","https://daninacan.com/wp-content/uploads/2026/03/kiro-test-fail.jpg","by-post\published\using-resharper-in-cursor-windsurf-kiro-antigravity-more\2026\03\kiro-test-fail.jpg"
"using-resharper-in-cursor-windsurf-kiro-antigravity-more","publish","post","embedded-content","https://daninacan.com/wp-content/uploads/2026/03/kiro-test-results.jpg","by-post\published\using-resharper-in-cursor-windsurf-kiro-antigravity-more\2026\03\kiro-test-results.jpg"
"what-contract-testing-is-and-why-to-write-them","publish","post","attachment-generated-size","https://daninacan.com/wp-content/uploads/2024/09/contracttesting1-150x150.png","by-post\published\what-contract-testing-is-and-why-to-write-them\2024\09\contracttesting1-150x150.png"
"what-contract-testing-is-and-why-to-write-them","publish","post","attachment-generated-size","https://daninacan.com/wp-content/uploads/2024/09/contracttesting1-300x119.png","by-post\published\what-contract-testing-is-and-why-to-write-them\2024\09\contracttesting1-300x119.png"
"what-contract-testing-is-and-why-to-write-them","publish","post","attachment-generated-size","https://daninacan.com/wp-content/uploads/2024/09/contracttesting1-768x304.png","by-post\published\what-contract-testing-is-and-why-to-write-them\2024\09\contracttesting1-768x304.png"
"what-contract-testing-is-and-why-to-write-them","publish","post","attachment-parent","https://daninacan.com/wp-content/uploads/2024/09/contracttesting1.png","by-post\published\what-contract-testing-is-and-why-to-write-them\2024\09\contracttesting1.png"
"what-contract-testing-is-and-why-to-write-them","publish","post","attachment-generated-size","https://daninacan.com/wp-content/uploads/2024/09/contracttesting2-150x150.png","by-post\published\what-contract-testing-is-and-why-to-write-them\2024\09\contracttesting2-150x150.png"
"what-contract-testing-is-and-why-to-write-them","publish","post","attachment-generated-size","https://daninacan.com/wp-content/uploads/2024/09/contracttesting2-300x190.png","by-post\published\what-contract-testing-is-and-why-to-write-them\2024\09\contracttesting2-300x190.png"
"what-contract-testing-is-and-why-to-write-them","publish","post","attachment-generated-size","https://daninacan.com/wp-content/uploads/2024/09/contracttesting2-768x488.png","by-post\published\what-contract-testing-is-and-why-to-write-them\2024\09\contracttesting2-768x488.png"
"what-contract-testing-is-and-why-to-write-them","publish","post","attachment-parent","https://daninacan.com/wp-content/uploads/2024/09/contracttesting2.png","by-post\published\what-contract-testing-is-and-why-to-write-them\2024\09\contracttesting2.png"
"what-contract-testing-is-and-why-to-write-them","publish","post","attachment-generated-size","https://daninacan.com/wp-content/uploads/2024/09/contracttesting3-150x150.png","by-post\published\what-contract-testing-is-and-why-to-write-them\2024\09\contracttesting3-150x150.png"
"what-contract-testing-is-and-why-to-write-them","publish","post","attachment-generated-size","https://daninacan.com/wp-content/uploads/2024/09/contracttesting3-300x171.png","by-post\published\what-contract-testing-is-and-why-to-write-them\2024\09\contracttesting3-300x171.png"
"what-contract-testing-is-and-why-to-write-them","publish","post","attachment-generated-size","https://daninacan.com/wp-content/uploads/2024/09/contracttesting3-768x438.png","by-post\published\what-contract-testing-is-and-why-to-write-them\2024\09\contracttesting3-768x438.png"
"what-contract-testing-is-and-why-to-write-them","publish","post","attachment-parent","https://daninacan.com/wp-content/uploads/2024/09/contracttesting3.png","by-post\published\what-contract-testing-is-and-why-to-write-them\2024\09\contracttesting3.png"
"writing-contract-tests-in-c-with-pact-message-interactions","publish","post","attachment-generated-size","https://daninacan.com/wp-content/uploads/2025/02/Contract-Testing-Messaging-Consumer-Diagram-150x150.jpeg","by-post\published\writing-contract-tests-in-c-with-pact-message-interactions\2025\02\Contract-Testing-Messaging-Consumer-Diagram-150x150.jpeg"
"writing-contract-tests-in-c-with-pact-message-interactions","publish","post","attachment-generated-size","https://daninacan.com/wp-content/uploads/2025/02/Contract-Testing-Messaging-Consumer-Diagram-300x158.jpeg","by-post\published\writing-contract-tests-in-c-with-pact-message-interactions\2025\02\Contract-Testing-Messaging-Consumer-Diagram-300x158.jpeg"
"writing-contract-tests-in-c-with-pact-message-interactions","publish","post","attachment-generated-size","https://daninacan.com/wp-content/uploads/2025/02/Contract-Testing-Messaging-Consumer-Diagram-768x405.jpeg","by-post\published\writing-contract-tests-in-c-with-pact-message-interactions\2025\02\Contract-Testing-Messaging-Consumer-Diagram-768x405.jpeg"
"writing-contract-tests-in-c-with-pact-message-interactions","publish","post","attachment-generated-size","https://daninacan.com/wp-content/uploads/2025/02/Contract-Testing-Messaging-Consumer-Diagram-new-150x150.jpeg","by-post\published\writing-contract-tests-in-c-with-pact-message-interactions\2025\02\Contract-Testing-Messaging-Consumer-Diagram-new-150x150.jpeg"
"writing-contract-tests-in-c-with-pact-message-interactions","publish","post","attachment-generated-size","https://daninacan.com/wp-content/uploads/2025/02/Contract-Testing-Messaging-Consumer-Diagram-new-300x158.jpeg","by-post\published\writing-contract-tests-in-c-with-pact-message-interactions\2025\02\Contract-Testing-Messaging-Consumer-Diagram-new-300x158.jpeg"
"writing-contract-tests-in-c-with-pact-message-interactions","publish","post","attachment-generated-size","https://daninacan.com/wp-content/uploads/2025/02/Contract-Testing-Messaging-Consumer-Diagram-new-768x405.jpeg","by-post\published\writing-contract-tests-in-c-with-pact-message-interactions\2025\02\Contract-Testing-Messaging-Consumer-Diagram-new-768x405.jpeg"
"writing-contract-tests-in-c-with-pact-message-interactions","publish","post","attachment-parent","https://daninacan.com/wp-content/uploads/2025/02/Contract-Testing-Messaging-Consumer-Diagram-new.jpeg","by-post\published\writing-contract-tests-in-c-with-pact-message-interactions\2025\02\Contract-Testing-Messaging-Consumer-Diagram-new.jpeg"
"writing-contract-tests-in-c-with-pact-message-interactions","publish","post","attachment-parent","https://daninacan.com/wp-content/uploads/2025/02/Contract-Testing-Messaging-Consumer-Diagram.jpeg","by-post\published\writing-contract-tests-in-c-with-pact-message-interactions\2025\02\Contract-Testing-Messaging-Consumer-Diagram.jpeg"
"writing-contract-tests-in-c-with-pact-pact-brokers","publish","post","attachment-generated-size","https://daninacan.com/wp-content/uploads/2025/03/Broker-Diagram-1024x893.jpeg","by-post\published\writing-contract-tests-in-c-with-pact-pact-brokers\2025\03\Broker-Diagram-1024x893.jpeg"
"writing-contract-tests-in-c-with-pact-pact-brokers","publish","post","attachment-generated-size","https://daninacan.com/wp-content/uploads/2025/03/Broker-Diagram-150x150.jpeg","by-post\published\writing-contract-tests-in-c-with-pact-pact-brokers\2025\03\Broker-Diagram-150x150.jpeg"
"writing-contract-tests-in-c-with-pact-pact-brokers","publish","post","attachment-generated-size","https://daninacan.com/wp-content/uploads/2025/03/Broker-Diagram-1536x1340.jpeg","by-post\published\writing-contract-tests-in-c-with-pact-pact-brokers\2025\03\Broker-Diagram-1536x1340.jpeg"
"writing-contract-tests-in-c-with-pact-pact-brokers","publish","post","attachment-generated-size","https://daninacan.com/wp-content/uploads/2025/03/Broker-Diagram-300x262.jpeg","by-post\published\writing-contract-tests-in-c-with-pact-pact-brokers\2025\03\Broker-Diagram-300x262.jpeg"
"writing-contract-tests-in-c-with-pact-pact-brokers","publish","post","attachment-generated-size","https://daninacan.com/wp-content/uploads/2025/03/Broker-Diagram-768x670.jpeg","by-post\published\writing-contract-tests-in-c-with-pact-pact-brokers\2025\03\Broker-Diagram-768x670.jpeg"
"writing-contract-tests-in-c-with-pact-pact-brokers","publish","post","attachment-parent","https://daninacan.com/wp-content/uploads/2025/03/Broker-Diagram.jpeg","by-post\published\writing-contract-tests-in-c-with-pact-pact-brokers\2025\03\Broker-Diagram.jpeg"
"writing-contract-tests-in-c-with-pact-pact-brokers","publish","post","attachment-generated-size","https://daninacan.com/wp-content/uploads/2025/03/broker1-1024x311.jpg","by-post\published\writing-contract-tests-in-c-with-pact-pact-brokers\2025\03\broker1-1024x311.jpg"
"writing-contract-tests-in-c-with-pact-pact-brokers","publish","post","attachment-generated-size","https://daninacan.com/wp-content/uploads/2025/03/broker1-150x150.jpg","by-post\published\writing-contract-tests-in-c-with-pact-pact-brokers\2025\03\broker1-150x150.jpg"
"writing-contract-tests-in-c-with-pact-pact-brokers","publish","post","attachment-generated-size","https://daninacan.com/wp-content/uploads/2025/03/broker1-300x91.jpg","by-post\published\writing-contract-tests-in-c-with-pact-pact-brokers\2025\03\broker1-300x91.jpg"
"writing-contract-tests-in-c-with-pact-pact-brokers","publish","post","attachment-generated-size","https://daninacan.com/wp-content/uploads/2025/03/broker1-768x233.jpg","by-post\published\writing-contract-tests-in-c-with-pact-pact-brokers\2025\03\broker1-768x233.jpg"
"writing-contract-tests-in-c-with-pact-pact-brokers","publish","post","attachment-parent","https://daninacan.com/wp-content/uploads/2025/03/broker1.jpg","by-post\published\writing-contract-tests-in-c-with-pact-pact-brokers\2025\03\broker1.jpg"
"writing-contract-tests-in-c-with-pact-pact-brokers","publish","post","attachment-generated-size","https://daninacan.com/wp-content/uploads/2025/03/broker2-150x150.jpg","by-post\published\writing-contract-tests-in-c-with-pact-pact-brokers\2025\03\broker2-150x150.jpg"
"writing-contract-tests-in-c-with-pact-pact-brokers","publish","post","attachment-generated-size","https://daninacan.com/wp-content/uploads/2025/03/broker2-300x206.jpg","by-post\published\writing-contract-tests-in-c-with-pact-pact-brokers\2025\03\broker2-300x206.jpg"
"writing-contract-tests-in-c-with-pact-pact-brokers","publish","post","attachment-generated-size","https://daninacan.com/wp-content/uploads/2025/03/broker2-768x529.jpg","by-post\published\writing-contract-tests-in-c-with-pact-pact-brokers\2025\03\broker2-768x529.jpg"
"writing-contract-tests-in-c-with-pact-pact-brokers","publish","post","attachment-parent","https://daninacan.com/wp-content/uploads/2025/03/broker2.jpg","by-post\published\writing-contract-tests-in-c-with-pact-pact-brokers\2025\03\broker2.jpg"
"writing-contract-tests-in-c-with-pact-pact-brokers","publish","post","attachment-generated-size","https://daninacan.com/wp-content/uploads/2025/03/broker3-1024x349.jpg","by-post\published\writing-contract-tests-in-c-with-pact-pact-brokers\2025\03\broker3-1024x349.jpg"
"writing-contract-tests-in-c-with-pact-pact-brokers","publish","post","attachment-generated-size","https://daninacan.com/wp-content/uploads/2025/03/broker3-150x150.jpg","by-post\published\writing-contract-tests-in-c-with-pact-pact-brokers\2025\03\broker3-150x150.jpg"
"writing-contract-tests-in-c-with-pact-pact-brokers","publish","post","attachment-generated-size","https://daninacan.com/wp-content/uploads/2025/03/broker3-300x102.jpg","by-post\published\writing-contract-tests-in-c-with-pact-pact-brokers\2025\03\broker3-300x102.jpg"
"writing-contract-tests-in-c-with-pact-pact-brokers","publish","post","attachment-generated-size","https://daninacan.com/wp-content/uploads/2025/03/broker3-768x262.jpg","by-post\published\writing-contract-tests-in-c-with-pact-pact-brokers\2025\03\broker3-768x262.jpg"
"writing-contract-tests-in-c-with-pact-pact-brokers","publish","post","attachment-parent","https://daninacan.com/wp-content/uploads/2025/03/broker3.jpg","by-post\published\writing-contract-tests-in-c-with-pact-pact-brokers\2025\03\broker3.jpg"
"","","site","site-image","https://daninacan.com/wp-content/uploads/2023/08/cropped-newheadshot_resized-32x32.png","site\2023\08\cropped-newheadshot_resized-32x32.png"
"","","","attachment-generated-size","https://daninacan.com/wp-content/uploads/2023/04/cropped-headshot-150x150.png","unassigned\2023\04\cropped-headshot-150x150.png"
"","","","attachment-generated-size","https://daninacan.com/wp-content/uploads/2023/04/cropped-headshot-180x180.png","unassigned\2023\04\cropped-headshot-180x180.png"
"","","","attachment-generated-size","https://daninacan.com/wp-content/uploads/2023/04/cropped-headshot-192x192.png","unassigned\2023\04\cropped-headshot-192x192.png"
"","","","attachment-generated-size","https://daninacan.com/wp-content/uploads/2023/04/cropped-headshot-270x270.png","unassigned\2023\04\cropped-headshot-270x270.png"
"","","","attachment-generated-size","https://daninacan.com/wp-content/uploads/2023/04/cropped-headshot-300x300.png","unassigned\2023\04\cropped-headshot-300x300.png"
"","","","attachment-generated-size","https://daninacan.com/wp-content/uploads/2023/04/cropped-headshot-32x32.png","unassigned\2023\04\cropped-headshot-32x32.png"
"","","","attachment-unassigned","https://daninacan.com/wp-content/uploads/2023/04/cropped-headshot.png","unassigned\2023\04\cropped-headshot.png"
"","","","attachment-generated-size","https://daninacan.com/wp-content/uploads/2023/04/headshot-150x150.png","unassigned\2023\04\headshot-150x150.png"
"","","","attachment-generated-size","https://daninacan.com/wp-content/uploads/2023/04/headshot-300x300.png","unassigned\2023\04\headshot-300x300.png"
"","","","attachment-unassigned","https://daninacan.com/wp-content/uploads/2023/04/headshot.png","unassigned\2023\04\headshot.png"
"","","","attachment-generated-size","https://daninacan.com/wp-content/uploads/2023/08/cropped-newheadshot_resized-150x150.png","unassigned\2023\08\cropped-newheadshot_resized-150x150.png"
"","","","attachment-generated-size","https://daninacan.com/wp-content/uploads/2023/08/cropped-newheadshot_resized-180x180.png","unassigned\2023\08\cropped-newheadshot_resized-180x180.png"
"","","","attachment-generated-size","https://daninacan.com/wp-content/uploads/2023/08/cropped-newheadshot_resized-192x192.png","unassigned\2023\08\cropped-newheadshot_resized-192x192.png"
"","","","attachment-generated-size","https://daninacan.com/wp-content/uploads/2023/08/cropped-newheadshot_resized-270x270.png","unassigned\2023\08\cropped-newheadshot_resized-270x270.png"
"","","","attachment-generated-size","https://daninacan.com/wp-content/uploads/2023/08/cropped-newheadshot_resized-300x300.png","unassigned\2023\08\cropped-newheadshot_resized-300x300.png"
"","","","attachment-generated-size","https://daninacan.com/wp-content/uploads/2023/08/cropped-newheadshot_resized-32x32.png","unassigned\2023\08\cropped-newheadshot_resized-32x32.png"
"","","","attachment-unassigned","https://daninacan.com/wp-content/uploads/2023/08/cropped-newheadshot_resized.png","unassigned\2023\08\cropped-newheadshot_resized.png"
"","","","attachment-generated-size","https://daninacan.com/wp-content/uploads/2023/08/newheadshot_resized-150x150.png","unassigned\2023\08\newheadshot_resized-150x150.png"
"","","","attachment-generated-size","https://daninacan.com/wp-content/uploads/2023/08/newheadshot_resized-261x300.png","unassigned\2023\08\newheadshot_resized-261x300.png"
"","","","attachment-generated-size","https://daninacan.com/wp-content/uploads/2023/08/newheadshot_resized-768x882.png","unassigned\2023\08\newheadshot_resized-768x882.png"
"","","","attachment-unassigned","https://daninacan.com/wp-content/uploads/2023/08/newheadshot_resized.png","unassigned\2023\08\newheadshot_resized.png"
"","","","attachment-generated-size","https://daninacan.com/wp-content/uploads/2024/05/Day1-1-Daniel-Ward-AI-Improv-Ignite-pdf-1024x576.jpg","unassigned\2024\05\Day1-1-Daniel-Ward-AI-Improv-Ignite-pdf-1024x576.jpg"
"","","","attachment-generated-size","https://daninacan.com/wp-content/uploads/2024/05/Day1-1-Daniel-Ward-AI-Improv-Ignite-pdf-150x84.jpg","unassigned\2024\05\Day1-1-Daniel-Ward-AI-Improv-Ignite-pdf-150x84.jpg"
"","","","attachment-generated-size","https://daninacan.com/wp-content/uploads/2024/05/Day1-1-Daniel-Ward-AI-Improv-Ignite-pdf-300x169.jpg","unassigned\2024\05\Day1-1-Daniel-Ward-AI-Improv-Ignite-pdf-300x169.jpg"
"","","","attachment-generated-size","https://daninacan.com/wp-content/uploads/2024/05/Day1-1-Daniel-Ward-AI-Improv-Ignite-pdf.jpg","unassigned\2024\05\Day1-1-Daniel-Ward-AI-Improv-Ignite-pdf.jpg"
"","","","attachment-unassigned","https://daninacan.com/wp-content/uploads/2024/05/Day1-1-Daniel-Ward-AI-Improv-Ignite.pdf","unassigned\2024\05\Day1-1-Daniel-Ward-AI-Improv-Ignite.pdf"
"","","","attachment-unassigned","https://daninacan.com/wp-content/uploads/2024/05/image.png","unassigned\2024\05\image.png"
"","","","attachment-generated-size","https://daninacan.com/wp-content/uploads/2024/06/MVP_Badge_Horizontal_Preferred_Blue3005_RGB-150x74.png","unassigned\2024\06\MVP_Badge_Horizontal_Preferred_Blue3005_RGB-150x74.png"
"","","","attachment-unassigned","https://daninacan.com/wp-content/uploads/2024/06/MVP_Badge_Horizontal_Preferred_Blue3005_RGB.png","unassigned\2024\06\MVP_Badge_Horizontal_Preferred_Blue3005_RGB.png"
"","","","attachment-generated-size","https://daninacan.com/wp-content/uploads/2026/03/kiro-add-package-150x150.jpg","unassigned\2026\03\kiro-add-package-150x150.jpg"
"","","","attachment-generated-size","https://daninacan.com/wp-content/uploads/2026/03/kiro-add-package-300x298.jpg","unassigned\2026\03\kiro-add-package-300x298.jpg"
"","","","attachment-unassigned","https://daninacan.com/wp-content/uploads/2026/03/kiro-add-package.jpg","unassigned\2026\03\kiro-add-package.jpg"
"","","","attachment-generated-size","https://daninacan.com/wp-content/uploads/2026/03/kiro-add-project-150x150.jpg","unassigned\2026\03\kiro-add-project-150x150.jpg"
"","","","attachment-generated-size","https://daninacan.com/wp-content/uploads/2026/03/kiro-add-project-300x300.jpg","unassigned\2026\03\kiro-add-project-300x300.jpg"
"","","","attachment-generated-size","https://daninacan.com/wp-content/uploads/2026/03/kiro-add-project-templates-150x150.jpg","unassigned\2026\03\kiro-add-project-templates-150x150.jpg"
"","","","attachment-generated-size","https://daninacan.com/wp-content/uploads/2026/03/kiro-add-project-templates-300x168.jpg","unassigned\2026\03\kiro-add-project-templates-300x168.jpg"
"","","","attachment-generated-size","https://daninacan.com/wp-content/uploads/2026/03/kiro-add-project-templates-768x429.jpg","unassigned\2026\03\kiro-add-project-templates-768x429.jpg"
"","","","attachment-unassigned","https://daninacan.com/wp-content/uploads/2026/03/kiro-add-project-templates.jpg","unassigned\2026\03\kiro-add-project-templates.jpg"
"","","","attachment-unassigned","https://daninacan.com/wp-content/uploads/2026/03/kiro-add-project.jpg","unassigned\2026\03\kiro-add-project.jpg"
"","","","attachment-generated-size","https://daninacan.com/wp-content/uploads/2026/03/kiro-decompile-1-1024x353.jpg","unassigned\2026\03\kiro-decompile-1-1024x353.jpg"
"","","","attachment-generated-size","https://daninacan.com/wp-content/uploads/2026/03/kiro-decompile-1-150x150.jpg","unassigned\2026\03\kiro-decompile-1-150x150.jpg"
"","","","attachment-generated-size","https://daninacan.com/wp-content/uploads/2026/03/kiro-decompile-1-300x103.jpg","unassigned\2026\03\kiro-decompile-1-300x103.jpg"
"","","","attachment-generated-size","https://daninacan.com/wp-content/uploads/2026/03/kiro-decompile-1-768x265.jpg","unassigned\2026\03\kiro-decompile-1-768x265.jpg"
"","","","attachment-unassigned","https://daninacan.com/wp-content/uploads/2026/03/kiro-decompile-1.jpg","unassigned\2026\03\kiro-decompile-1.jpg"
"","","","attachment-generated-size","https://daninacan.com/wp-content/uploads/2026/03/kiro-decompile-2-1024x424.jpg","unassigned\2026\03\kiro-decompile-2-1024x424.jpg"
"","","","attachment-generated-size","https://daninacan.com/wp-content/uploads/2026/03/kiro-decompile-2-150x150.jpg","unassigned\2026\03\kiro-decompile-2-150x150.jpg"
"","","","attachment-generated-size","https://daninacan.com/wp-content/uploads/2026/03/kiro-decompile-2-300x124.jpg","unassigned\2026\03\kiro-decompile-2-300x124.jpg"
"","","","attachment-generated-size","https://daninacan.com/wp-content/uploads/2026/03/kiro-decompile-2-768x318.jpg","unassigned\2026\03\kiro-decompile-2-768x318.jpg"
"","","","attachment-unassigned","https://daninacan.com/wp-content/uploads/2026/03/kiro-decompile-2.jpg","unassigned\2026\03\kiro-decompile-2.jpg"
"","","","attachment-generated-size","https://daninacan.com/wp-content/uploads/2026/03/kiro-extract-method-150x150.jpg","unassigned\2026\03\kiro-extract-method-150x150.jpg"
"","","","attachment-generated-size","https://daninacan.com/wp-content/uploads/2026/03/kiro-extract-method-2-1024x511.jpg","unassigned\2026\03\kiro-extract-method-2-1024x511.jpg"
"","","","attachment-generated-size","https://daninacan.com/wp-content/uploads/2026/03/kiro-extract-method-2-150x150.jpg","unassigned\2026\03\kiro-extract-method-2-150x150.jpg"
"","","","attachment-generated-size","https://daninacan.com/wp-content/uploads/2026/03/kiro-extract-method-2-300x150.jpg","unassigned\2026\03\kiro-extract-method-2-300x150.jpg"
"","","","attachment-generated-size","https://daninacan.com/wp-content/uploads/2026/03/kiro-extract-method-2-768x383.jpg","unassigned\2026\03\kiro-extract-method-2-768x383.jpg"
"","","","attachment-unassigned","https://daninacan.com/wp-content/uploads/2026/03/kiro-extract-method-2.jpg","unassigned\2026\03\kiro-extract-method-2.jpg"
"","","","attachment-generated-size","https://daninacan.com/wp-content/uploads/2026/03/kiro-extract-method-300x129.jpg","unassigned\2026\03\kiro-extract-method-300x129.jpg"
"","","","attachment-generated-size","https://daninacan.com/wp-content/uploads/2026/03/kiro-extract-method-768x331.jpg","unassigned\2026\03\kiro-extract-method-768x331.jpg"
"","","","attachment-unassigned","https://daninacan.com/wp-content/uploads/2026/03/kiro-extract-method.jpg","unassigned\2026\03\kiro-extract-method.jpg"
"","","","attachment-generated-size","https://daninacan.com/wp-content/uploads/2026/03/kiro-find-usages-150x150.jpg","unassigned\2026\03\kiro-find-usages-150x150.jpg"
"","","","attachment-generated-size","https://daninacan.com/wp-content/uploads/2026/03/kiro-find-usages-300x208.jpg","unassigned\2026\03\kiro-find-usages-300x208.jpg"
"","","","attachment-generated-size","https://daninacan.com/wp-content/uploads/2026/03/kiro-find-usages-768x533.jpg","unassigned\2026\03\kiro-find-usages-768x533.jpg"
"","","","attachment-unassigned","https://daninacan.com/wp-content/uploads/2026/03/kiro-find-usages.jpg","unassigned\2026\03\kiro-find-usages.jpg"
"","","","attachment-generated-size","https://daninacan.com/wp-content/uploads/2026/03/kiro-getting-ready-150x92.jpg","unassigned\2026\03\kiro-getting-ready-150x92.jpg"
"","","","attachment-generated-size","https://daninacan.com/wp-content/uploads/2026/03/kiro-getting-ready-300x50.jpg","unassigned\2026\03\kiro-getting-ready-300x50.jpg"
"","","","attachment-unassigned","https://daninacan.com/wp-content/uploads/2026/03/kiro-getting-ready.jpg","unassigned\2026\03\kiro-getting-ready.jpg"
"","","","attachment-generated-size","https://daninacan.com/wp-content/uploads/2026/03/kiro-hints-150x150.jpg","unassigned\2026\03\kiro-hints-150x150.jpg"
"","","","attachment-generated-size","https://daninacan.com/wp-content/uploads/2026/03/kiro-hints-300x63.jpg","unassigned\2026\03\kiro-hints-300x63.jpg"
"","","","attachment-generated-size","https://daninacan.com/wp-content/uploads/2026/03/kiro-hints-768x161.jpg","unassigned\2026\03\kiro-hints-768x161.jpg"
"","","","attachment-unassigned","https://daninacan.com/wp-content/uploads/2026/03/kiro-hints.jpg","unassigned\2026\03\kiro-hints.jpg"
"","","","attachment-generated-size","https://daninacan.com/wp-content/uploads/2026/03/kiro-introduce-variable-1024x693.jpg","unassigned\2026\03\kiro-introduce-variable-1024x693.jpg"
"","","","attachment-generated-size","https://daninacan.com/wp-content/uploads/2026/03/kiro-introduce-variable-150x150.jpg","unassigned\2026\03\kiro-introduce-variable-150x150.jpg"
"","","","attachment-generated-size","https://daninacan.com/wp-content/uploads/2026/03/kiro-introduce-variable-2-150x126.jpg","unassigned\2026\03\kiro-introduce-variable-2-150x126.jpg"
"","","","attachment-generated-size","https://daninacan.com/wp-content/uploads/2026/03/kiro-introduce-variable-2-300x41.jpg","unassigned\2026\03\kiro-introduce-variable-2-300x41.jpg"
"","","","attachment-generated-size","https://daninacan.com/wp-content/uploads/2026/03/kiro-introduce-variable-2-768x105.jpg","unassigned\2026\03\kiro-introduce-variable-2-768x105.jpg"
"","","","attachment-unassigned","https://daninacan.com/wp-content/uploads/2026/03/kiro-introduce-variable-2.jpg","unassigned\2026\03\kiro-introduce-variable-2.jpg"
"","","","attachment-generated-size","https://daninacan.com/wp-content/uploads/2026/03/kiro-introduce-variable-300x203.jpg","unassigned\2026\03\kiro-introduce-variable-300x203.jpg"
"","","","attachment-generated-size","https://daninacan.com/wp-content/uploads/2026/03/kiro-introduce-variable-768x520.jpg","unassigned\2026\03\kiro-introduce-variable-768x520.jpg"
"","","","attachment-unassigned","https://daninacan.com/wp-content/uploads/2026/03/kiro-introduce-variable.jpg","unassigned\2026\03\kiro-introduce-variable.jpg"
"","","","attachment-generated-size","https://daninacan.com/wp-content/uploads/2026/03/kiro-package-search-150x150.jpg","unassigned\2026\03\kiro-package-search-150x150.jpg"
"","","","attachment-generated-size","https://daninacan.com/wp-content/uploads/2026/03/kiro-package-search-300x197.jpg","unassigned\2026\03\kiro-package-search-300x197.jpg"
"","","","attachment-generated-size","https://daninacan.com/wp-content/uploads/2026/03/kiro-package-search-768x505.jpg","unassigned\2026\03\kiro-package-search-768x505.jpg"
"","","","attachment-unassigned","https://daninacan.com/wp-content/uploads/2026/03/kiro-package-search.jpg","unassigned\2026\03\kiro-package-search.jpg"
"","","","attachment-generated-size","https://daninacan.com/wp-content/uploads/2026/03/kiro-quick-docs-150x150.jpg","unassigned\2026\03\kiro-quick-docs-150x150.jpg"
"","","","attachment-generated-size","https://daninacan.com/wp-content/uploads/2026/03/kiro-quick-docs-300x60.jpg","unassigned\2026\03\kiro-quick-docs-300x60.jpg"
"","","","attachment-generated-size","https://daninacan.com/wp-content/uploads/2026/03/kiro-quick-docs-768x152.jpg","unassigned\2026\03\kiro-quick-docs-768x152.jpg"
"","","","attachment-unassigned","https://daninacan.com/wp-content/uploads/2026/03/kiro-quick-docs.jpg","unassigned\2026\03\kiro-quick-docs.jpg"
"","","","attachment-generated-size","https://daninacan.com/wp-content/uploads/2026/03/kiro-rename-symbol-1024x346.jpg","unassigned\2026\03\kiro-rename-symbol-1024x346.jpg"
"","","","attachment-generated-size","https://daninacan.com/wp-content/uploads/2026/03/kiro-rename-symbol-150x150.jpg","unassigned\2026\03\kiro-rename-symbol-150x150.jpg"
"","","","attachment-generated-size","https://daninacan.com/wp-content/uploads/2026/03/kiro-rename-symbol-300x101.jpg","unassigned\2026\03\kiro-rename-symbol-300x101.jpg"
"","","","attachment-generated-size","https://daninacan.com/wp-content/uploads/2026/03/kiro-rename-symbol-768x259.jpg","unassigned\2026\03\kiro-rename-symbol-768x259.jpg"
"","","","attachment-unassigned","https://daninacan.com/wp-content/uploads/2026/03/kiro-rename-symbol.jpg","unassigned\2026\03\kiro-rename-symbol.jpg"
"","","","attachment-generated-size","https://daninacan.com/wp-content/uploads/2026/03/kiro-solution-explorer-150x150.jpg","unassigned\2026\03\kiro-solution-explorer-150x150.jpg"
"","","","attachment-generated-size","https://daninacan.com/wp-content/uploads/2026/03/kiro-solution-explorer-208x300.jpg","unassigned\2026\03\kiro-solution-explorer-208x300.jpg"
"","","","attachment-unassigned","https://daninacan.com/wp-content/uploads/2026/03/kiro-solution-explorer.jpg","unassigned\2026\03\kiro-solution-explorer.jpg"
"","","","attachment-generated-size","https://daninacan.com/wp-content/uploads/2026/03/kiro-suggestion-1-150x150.jpg","unassigned\2026\03\kiro-suggestion-1-150x150.jpg"
"","","","attachment-generated-size","https://daninacan.com/wp-content/uploads/2026/03/kiro-suggestion-1-300x125.jpg","unassigned\2026\03\kiro-suggestion-1-300x125.jpg"
"","","","attachment-unassigned","https://daninacan.com/wp-content/uploads/2026/03/kiro-suggestion-1.jpg","unassigned\2026\03\kiro-suggestion-1.jpg"
"","","","attachment-generated-size","https://daninacan.com/wp-content/uploads/2026/03/kiro-suggestion-2-150x150.jpg","unassigned\2026\03\kiro-suggestion-2-150x150.jpg"
"","","","attachment-generated-size","https://daninacan.com/wp-content/uploads/2026/03/kiro-suggestion-2-300x81.jpg","unassigned\2026\03\kiro-suggestion-2-300x81.jpg"
"","","","attachment-generated-size","https://daninacan.com/wp-content/uploads/2026/03/kiro-suggestion-2-768x208.jpg","unassigned\2026\03\kiro-suggestion-2-768x208.jpg"
"","","","attachment-unassigned","https://daninacan.com/wp-content/uploads/2026/03/kiro-suggestion-2.jpg","unassigned\2026\03\kiro-suggestion-2.jpg"
"","","","attachment-generated-size","https://daninacan.com/wp-content/uploads/2026/03/kiro-suggestion-3-150x150.jpg","unassigned\2026\03\kiro-suggestion-3-150x150.jpg"
"","","","attachment-generated-size","https://daninacan.com/wp-content/uploads/2026/03/kiro-suggestion-3-300x105.jpg","unassigned\2026\03\kiro-suggestion-3-300x105.jpg"
"","","","attachment-unassigned","https://daninacan.com/wp-content/uploads/2026/03/kiro-suggestion-3.jpg","unassigned\2026\03\kiro-suggestion-3.jpg"
"","","","attachment-generated-size","https://daninacan.com/wp-content/uploads/2026/03/kiro-test-explorer-150x150.jpg","unassigned\2026\03\kiro-test-explorer-150x150.jpg"
"","","","attachment-generated-size","https://daninacan.com/wp-content/uploads/2026/03/kiro-test-explorer-201x300.jpg","unassigned\2026\03\kiro-test-explorer-201x300.jpg"
"","","","attachment-unassigned","https://daninacan.com/wp-content/uploads/2026/03/kiro-test-explorer.jpg","unassigned\2026\03\kiro-test-explorer.jpg"
"","","","attachment-generated-size","https://daninacan.com/wp-content/uploads/2026/03/kiro-test-fail-1024x445.jpg","unassigned\2026\03\kiro-test-fail-1024x445.jpg"
"","","","attachment-generated-size","https://daninacan.com/wp-content/uploads/2026/03/kiro-test-fail-150x150.jpg","unassigned\2026\03\kiro-test-fail-150x150.jpg"
"","","","attachment-generated-size","https://daninacan.com/wp-content/uploads/2026/03/kiro-test-fail-300x130.jpg","unassigned\2026\03\kiro-test-fail-300x130.jpg"
"","","","attachment-generated-size","https://daninacan.com/wp-content/uploads/2026/03/kiro-test-fail-768x334.jpg","unassigned\2026\03\kiro-test-fail-768x334.jpg"
"","","","attachment-unassigned","https://daninacan.com/wp-content/uploads/2026/03/kiro-test-fail.jpg","unassigned\2026\03\kiro-test-fail.jpg"
"","","","attachment-generated-size","https://daninacan.com/wp-content/uploads/2026/03/kiro-test-results-1024x354.jpg","unassigned\2026\03\kiro-test-results-1024x354.jpg"
"","","","attachment-generated-size","https://daninacan.com/wp-content/uploads/2026/03/kiro-test-results-150x150.jpg","unassigned\2026\03\kiro-test-results-150x150.jpg"
"","","","attachment-generated-size","https://daninacan.com/wp-content/uploads/2026/03/kiro-test-results-300x104.jpg","unassigned\2026\03\kiro-test-results-300x104.jpg"
"","","","attachment-generated-size","https://daninacan.com/wp-content/uploads/2026/03/kiro-test-results-768x266.jpg","unassigned\2026\03\kiro-test-results-768x266.jpg"
"","","","attachment-unassigned","https://daninacan.com/wp-content/uploads/2026/03/kiro-test-results.jpg","unassigned\2026\03\kiro-test-results.jpg"
